Workbook

Sheet SIGNAL Refresh
D2: NATIONAL CADET CORPS | X2: NATIONAL CADET CORPS | AV2: NATIONAL CADET CORPS | BT2: NATIONAL CADET CORPS | CN2: NATIONAL CADET CORPS | DL2: NATIONAL CADET CORPS | EJ2: NATIONAL CADET CORPS
A3: Unit:4 (TN) CTC NCC, Annamalainagar | L3: Place: | M3: Annamalainagar | U3: Unit:4 (TN) CTC NCC, Annamalainagar | AJ3: Place: | AK3: Annamalainagar | AS3: Unit:4 (TN) CTC NCC, Annamalainagar | BH3: Place: | BI3: Annamalainagar | BQ3: Unit:4 (TN) CTC NCC, Annamalainagar | CB3: Place: | CC3: Annamalainagar | CK3: Unit:4 (TN) CTC NCC, Annamalainagar | CZ3: Place: | DA3: Annamalainagar | DI3: Unit:4 (TN) CTC NCC, Annamalainagar | DX3: Place: | DY3: Annamalainagar | EG3: Unit:4 (TN) CTC NCC, Annamalainagar | FD3: Place: | FE3: Annamalainagar
D4: Attendance Register for the month of JULY 2024 | I4: Total number of Parades held in this month: | P4: No.:4 In Hrs:8 | X4: Attendance Register for the month of AUGUST 2023 | AG4: Total number of Parades held in this month: | AN4: No.:8 In Hrs:16 | AV4: Attendance Register for the month of SEPTEMBER 2023 | BE4: Total number of Parades held in this month:6 | BL4: No.:8 In Hrs:16 | BT4: Attendance Register for the month of OCTOBER 2023 | BY4: Total number of Parades held in this month: | CF4: No.: 4 In Hrs: 8 | CN4: Attendance Register for the month of December 2022 | CW4: Total number of Parades held in this month:5 | DD4: No.:5 In Hrs:10 | DL4: Attendance Register for the month of January 2023 | DU4: Total number of Parades held in this month:6 | EB4: No.:6 In Hrs:12 | EJ4: Attendance Register for the month of February 2023 | FA4: Total number of Parades held in this month:4 | FH4: No.:4 In Hrs:8
A5: College/Institution: | D5: FEAT,Annamalai University (Signal) | U5: College/Institution: | X5: FEAT,Annamalai University (Signal) | AS5: College/Institution: | AV5: FEAT,Annamalai University (Signal) | BQ5: College/Institution: | BT5: FEAT,Annamalai University (Signal) | CK5: College/Institution: | CN5: FEAT,Annamalai University (Signal) | DI5: College/Institution: | DL5: FEAT,Annamalai University (Signal) | EG5: College/Institution: | EJ5: FEAT,Annamalai University (Signal)
A7: Serial number | B7: Cadet number | C7: Rank | D7: Name | E7: Date of Parades | I7: Total number of Parades | K7: Percentage of Attendance | L7: Allowance due to cadets for the month | P7: Progressive total including amount claimed in this bill | T7: Remarks | U7: Serial number | V7: Cadet number | W7: Rank | X7: Name | Y7: Date of Parades | AG7: Total number of Parades | AI7: Percentage of Attendance | AJ7: Allowance due to cadets for the month | AN7: Progressive total including amount claimed in this bill | AR7: Remarks | AS7: Serial number | AT7: Cadet number | AU7: Rank | AV7: Name | AW7: Date of Parades | BE7: Total number of Parades | BG7: Percentage of Attendance | BH7: Allowance due to cadets for the month | BL7: Progressive total including amount claimed in this bill | BP7: Remarks | BQ7: Serial number | BR7: Cadet number | BS7: Rank | BT7: Name | BU7: Date of Parades | BY7: Total number of Parades | CA7: Percentage of Attendance | CB7: Allowance due to cadets for the month | CF7: Progressive total including amount claimed in this bill | CJ7: Remarks | CK7: Serial number | CL7: Cadet number | CM7: Rank | CN7: Name | CP7: Date of Parades | CW7: Total number of Parades | CY7: Percentage of Attendance | CZ7: Allowance due to cadets for the month | DD7: Progressive total including amount claimed in this bill | DH7: Remarks | DI7: Serial number | DJ7: Cadet number | DK7: Rank | DL7: Name | DM7: Date of Parades | DU7: Total number of Parades | DW7: Percentage of Attendance | DX7: Allowance due to cadets for the month | EB7: Progressive total including amount claimed in this bill | EF7: Remarks | EG7: Serial number | EH7: Cadet number | EI7: Rank | EJ7: Name | EK7: Date of Parades | FA7: Total number of Parades | FC7: Percentage of Attendance | FD7: Allowance due to cadets for the month | FH7: Progressive total including amount claimed in this bill | FL7: Remarks
E8: Dates | Y8: Dates | AW8: Dates | BU8: Dates | CP8: Dates | DM8: Dates | EK8: Dates
E9: 8 | F9: 9 | G9: 10 | H9: 11 | I9: Attended | J9: In Hours | L9: Refreshment at paper hour | N9: Washing | P9: Refreshment | R9: Washing | Y9: 1 | Z9: 2 | AA9: 3 | AB9: 9 | AC9: 10 | AD9: 11 | AE9: 14 | AF9: 15 | AG9: Attended | AH9: In Hours | AJ9: Refreshment at paper hour | AL9: Washing | AN9: Refreshment | AP9: Washing | AW9: 12 | AX9: 13 | AY9: 14 | AZ9: 20 | BA9: 21 | BB9: 22 | BC9: 25 | BD9: 26 | BE9: Attended | BF9: In Hours | BH9: Refreshment at paper hour | BJ9: Washing | BL9: Refreshment | BN9: Washing | BU9: 3 | BV9: 4 | BW9: 10 | BX9: 11 | BY9: Attended | BZ9: In Hours | CB9: Refreshment at paper hour | CD9: Washing | CF9: Refreshment | CH9: Washing | CO9: 7 | CP9: 8 | CQ9: 13 | CR9: 14 | CS9: 15 | CW9: Attended | CX9: In Hours | CZ9: Refreshment at paper hour | DB9: Washing | DD9: Refreshment | DF9: Washing | DM9: 4 | DN9: 5 | DO9: 18 | DP9: 19 | DQ9: 20 | DR9: 21 | DU9: Attended | DV9: In Hours | DX9: Refreshment at paper hour | DZ9: Washing | EB9: Refreshment | ED9: Washing | EK9: 1 | EL9: 2 | EM9: 3 | EN9: 6 | FA9: Attended | FB9: In Hours | FD9: Refreshment at paper hour | FF9: Washing | FH9: Refreshment | FJ9: Washing
E10: 2 | F10: 2 | G10: 2 | H10: 2 | Y10: 2 | Z10: 2 | AA10: 2 | AB10: 2 | AC10: 2 | AD10: 2 | AE10: 2 | AF10: 2 | AW10: 2 | AX10: 2 | AY10: 2 | AZ10: 2 | BA10: 2 | BB10: 2 | BU10: 2 | BV10: 2 | BW10: 2 | BX10: 2 | CO10: 2 | CP10: 2 | CQ10: 2 | CR10: 2 | CS10: 2 | DM10: 2 | DN10: 2 | DO10: 2 | DP10: 2 | DQ10: 2 | DR10: 2 | DS10: 2 Hours | EK10: 2 | EL10: 2 | EM10: 2 Hours | EN10: 2 | FN10: Total parade | FO10: % Attendence
L11: Rs | M11: P | N11: Rs | O11: P | P11: Rs | Q11: P | R11: Rs | S11: P | AJ11: Rs | AK11: P | AL11: Rs | AM11: P | AN11: Rs | AO11: P | AP11: Rs | AQ11: P | BH11: Rs | BI11: P | BJ11: Rs | BK11: P | BL11: Rs | BM11: P | BN11: Rs | BO11: P | CB11: Rs | CC11: P | CD11: Rs | CE11: P | CF11: Rs | CG11: P | CH11: Rs | CI11: P | CZ11: Rs | DA11: P | DB11: Rs | DC11: P | DD11: Rs | DE11: P | DF11: Rs | DG11: P | DX11: Rs | DY11: P | DZ11: Rs | EA11: P | EB11: Rs | EC11: P | ED11: Rs | EE11: P | FD11: Rs | FE11: P | FF11: Rs | FG11: P | FH11: Rs | FI11: P | FJ11: Rs | FK11: P
A12: 1 | B12: TN22SDA894031 | C12: CDT | D12: AJITH KUMAR.K | E12: A | F12: A | G12: A | H12: A | I12: =COUNT(E12:H12) -> 0 | J12: =I12*2 -> 0 | K12: =I12/4*100 -> 0 | L12: =I12*50 -> 0 | N12: =IF(K12<=40,0,IF(K12<=60,5,IF(K12>=61,10))) -> 0 | P12: =L12 -> 0 | R12: =N12 -> 0 | U12: 1 | V12: TN22SDA894031 | W12: CDT | X12: AJITH KUMAR.K | Y12: 12 | Z12: 15 | AA12: 18 | AB12: A | AC12: 21 | AD12: 24 | AE12: 27 | AF12: 30 | AG12: =COUNT(Y12:AF12) -> 7 | AH12: =AG12*2 -> 14 | AI12: =AG12/8*100 -> 87.5 | AJ12: =AG12*50 -> 350 | AL12: =IF(AI12<=40,0,IF(AI12<=60,5,IF(AI12>=61,10))) -> 10 | AN12: =P12+AJ12 -> 350 | AP12: =R12+AL12 -> 10 | AS12: 1 | AT12: TN22SDA894031 | AU12: CDT | AV12: AJITH KUMAR.K | AW12: A | AX12: A | AY12: 33 | AZ12: A | BA12: A | BB12: A | BC12: 36 | BD12: 39 | BE12: =COUNT(AW12:BD12) -> 3 | BF12: =BE12*2 -> 6 | BG12: =BE12/8*100 -> 37.5 | BH12: =BE12*50 -> 150 | BJ12: =IF(BG12<=40,0,IF(BG12<=60,5,IF(BG12>=61,10))) -> 0 | BL12: =AN12+BH12 -> 500 | BN12: =AP12+BJ12 -> 10 | BQ12: 1 | BR12: TN22SDA894031 | BS12: CDT | BT12: AJITH KUMAR.K | BU12: 42 | BV12: 45 | BW12: 48 | BX12: 20 | BY12: =COUNT(BU12:BX12) -> 4 | BZ12: =BY12*2 -> 8 | CA12: =BY12/4*100 -> 100 | CB12: =BY12*50 -> 200 | CD12: =IF(CA12<=40,0,IF(CA12<=60,5,IF(CA12>=61,10))) -> 10 | CF12: =BL12 -> 500 | CK12: 1 | CW12: =COUNT(CO12:CV12) -> 0 | CX12: =CW12*2 -> 0 | CY12: =CW12/5*100 -> 0 | CZ12: =CW12*50 -> 0 | DB12: =IF(CY12<=40,0,IF(CY12<=60,5,IF(CY12>=61,10))) -> 0 | DD12: =CF12+CZ12 -> 500 | DF12: =CH12+DB12 -> 0 | DI12: 1 | DU12: =COUNT(DM12:DT12) -> 0 | DV12: =DU12*2 -> 0 | DW12: =DU12/6*100 -> 0 | DX12: =DU12*50 -> 0 | DZ12: =IF(DW12<=40,0,IF(DW12<=60,5,IF(DW12>=61,10))) -> 0 | EB12: =DD12+DX12 -> 500 | ED12: =DF12+DZ12 -> 0 | EG12: 1 | EH12: TN20SDA894031 | EI12: CDT | EJ12: AVINASH V | FA12: =COUNT(EK12:ER12) -> 0 | FB12: =FA12*2 -> 0 | FC12: =FA12/4*100 -> 0 | FD12: =FA12*50 -> 0 | FF12: =IF(FC12<=40,0,IF(FC12<=60,5,IF(FC12>=61,10))) -> 0 | FH12: =EB12+FD12 -> 500 | FJ12: =ED12+FF12 -> 0 | FN12: =EN12/3 -> 0 | FO12: =FN12/35*100 -> 0
A13: 2 | B13: TN22SDA894032 | C13: CDT | D13: ARJUN.S | E13: A | F13: 3 | G13: A | H13: A | I13: =COUNT(E13:H13) -> 1 | J13: =I13*2 -> 2 | K13: =I13/4*100 -> 25 | L13: =I13*50 -> 50 | N13: =IF(K13<=40,0,IF(K13<=60,5,IF(K13>=61,10))) -> 0 | P13: =L13 -> 50 | R13: =N13 -> 0 | U13: 2 | V13: TN22SDA894032 | W13: CDT | X13: ARJUN.S | Y13: A | Z13: 12 | AA13: 15 | AB13: 18 | AC13: A | AD13: 21 | AE13: 24 | AF13: 27 | AG13: =COUNT(Y13:AF13) -> 6 | AH13: =AG13*2 -> 12 | AI13: =AG13/8*100 -> 75 | AJ13: =AG13*50 -> 300 | AL13: =IF(AI13<=40,0,IF(AI13<=60,5,IF(AI13>=61,10))) -> 10 | AN13: =P13+AJ13 -> 350 | AP13: =R13+AL13 -> 10 | AS13: 2 | AT13: TN22SDA894032 | AU13: CDT | AV13: ARJUN.S | AW13: A | AX13: A | AY13: 30 | AZ13: A | BA13: A | BB13: 33 | BC13: 36 | BD13: A | BE13: =COUNT(AW13:BD13) -> 3 | BF13: =BE13*2 -> 6 | BG13: =BE13/8*100 -> 37.5 | BH13: =BE13*50 -> 150 | BJ13: =IF(BG13<=40,0,IF(BG13<=60,5,IF(BG13>=61,10))) -> 0 | BL13: =AN13+BH13 -> 500 | BN13: =AP13+BJ13 -> 10 | BQ13: 2 | BR13: TN22SDA894032 | BS13: CDT | BT13: ARJUN.S | BU13: A | BV13: 39 | BW13: 42 | BX13: A | BY13: =COUNT(BU13:BX13) -> 2 | BZ13: =BY13*2 -> 4 | CA13: =BY13/4*100 -> 50 | CB13: =BY13*50 -> 100 | CD13: =IF(CA13<=40,0,IF(CA13<=60,5,IF(CA13>=61,10))) -> 5 | CF13: =BL13 -> 500 | CK13: 2 | CW13: =COUNT(CO13:CV13) -> 0 | CX13: =CW13*2 -> 0 | CY13: =CW13/5*100 -> 0 | CZ13: =CW13*50 -> 0 | DB13: =IF(CY13<=40,0,IF(CY13<=60,5,IF(CY13>=61,10))) -> 0 | DD13: =CF13+CZ13 -> 500 | DF13: =CH13+DB13 -> 0 | DI13: 2 | DU13: =COUNT(DM13:DT13) -> 0 | DV13: =DU13*2 -> 0 | DW13: =DU13/6*100 -> 0 | DX13: =DU13*50 -> 0 | DZ13: =IF(DW13<=40,0,IF(DW13<=60,5,IF(DW13>=61,10))) -> 0 | EB13: =DD13+DX13 -> 500 | ED13: =DF13+DZ13 -> 0 | EG13: 2 | EH13: TN20SDA894032 | EI13: CDT | EJ13: BHARATH. C | FA13: =COUNT(EK13:ER13) -> 0 | FB13: =FA13*2 -> 0 | FC13: =FA13/4*100 -> 0 | FD13: =FA13*50 -> 0 | FF13: =IF(FC13<=40,0,IF(FC13<=60,5,IF(FC13>=61,10))) -> 0 | FH13: =EB13+FD13 -> 500 | FJ13: =ED13+FF13 -> 0 | FN13: =EN13/3 -> 0 | FO13: =FN13/35*100 -> 0
A14: 3 | B14: TN22SDA894033 | C14: CDT | D14: ARJUNAN.S | E14: A | F14: A | G14: A | H14: A | I14: =COUNT(E14:H14) -> 0 | J14: =I14*2 -> 0 | K14: =I14/4*100 -> 0 | L14: =I14*50 -> 0 | N14: =IF(K14<=40,0,IF(K14<=60,5,IF(K14>=61,10))) -> 0 | P14: =L14 -> 0 | R14: =N14 -> 0 | U14: 3 | V14: TN22SDA894033 | W14: CDT | X14: ARJUNAN.S | Y14: 3 | Z14: 6 | AA14: 9 | AB14: 12 | AC14: 15 | AD14: 18 | AE14: 21 | AF14: 24 | AG14: =COUNT(Y14:AF14) -> 8 | AH14: =AG14*2 -> 16 | AI14: =AG14/8*100 -> 100 | AJ14: =AG14*50 -> 400 | AL14: =IF(AI14<=40,0,IF(AI14<=60,5,IF(AI14>=61,10))) -> 10 | AN14: =P14+AJ14 -> 400 | AP14: =R14+AL14 -> 10 | AS14: 3 | AT14: TN22SDA894033 | AU14: CDT | AV14: ARJUNAN.S | AW14: 27 | AX14: 30 | AY14: 33 | AZ14: 36 | BA14: A | BB14: 39 | BC14: A | BD14: 42 | BE14: =COUNT(AW14:BD14) -> 6 | BF14: =BE14*2 -> 12 | BG14: =BE14/8*100 -> 75 | BH14: =BE14*50 -> 300 | BJ14: =IF(BG14<=40,0,IF(BG14<=60,5,IF(BG14>=61,10))) -> 10 | BL14: =AN14+BH14 -> 700 | BN14: =AP14+BJ14 -> 20 | BQ14: 3 | BR14: TN22SDA894033 | BS14: CDT | BT14: ARJUNAN.S | BU14: 45 | BV14: 48 | BW14: 51 | BX14: A | BY14: =COUNT(BU14:BX14) -> 3 | BZ14: =BY14*2 -> 6 | CA14: =BY14/4*100 -> 75 | CB14: =BY14*50 -> 150 | CD14: =IF(CA14<=40,0,IF(CA14<=60,5,IF(CA14>=61,10))) -> 10 | CF14: =BL14 -> 700 | CK14: 3 | CW14: =COUNT(CO14:CV14) -> 0 | CX14: =CW14*2 -> 0 | CY14: =CW14/5*100 -> 0 | CZ14: =CW14*50 -> 0 | DB14: =IF(CY14<=40,0,IF(CY14<=60,5,IF(CY14>=61,10))) -> 0 | DD14: =CF14+CZ14 -> 700 | DF14: =CH14+DB14 -> 0 | DI14: 3 | DU14: =COUNT(DM14:DT14) -> 0 | DV14: =DU14*2 -> 0 | DW14: =DU14/6*100 -> 0 | DX14: =DU14*50 -> 0 | DZ14: =IF(DW14<=40,0,IF(DW14<=60,5,IF(DW14>=61,10))) -> 0 | EB14: =DD14+DX14 -> 700 | ED14: =DF14+DZ14 -> 0 | EG14: 3 | EH14: TN20SDA894033 | EI14: CDT | EJ14: DHILIP.K | FA14: =COUNT(EK14:ER14) -> 0 | FB14: =FA14*2 -> 0 | FC14: =FA14/4*100 -> 0 | FD14: =FA14*50 -> 0 | FF14: =IF(FC14<=40,0,IF(FC14<=60,5,IF(FC14>=61,10))) -> 0 | FH14: =EB14+FD14 -> 700 | FJ14: =ED14+FF14 -> 0 | FN14: =EN14/3 -> 0 | FO14: =FN14/35*100 -> 0
A15: 4 | B15: TN22SDA894034 | C15: CDT | D15: BALA ABISHEK.S | E15: A | F15: 3 | G15: A | H15: A | I15: =COUNT(E15:H15) -> 1 | J15: =I15*2 -> 2 | K15: =I15/4*100 -> 25 | L15: =I15*50 -> 50 | N15: =IF(K15<=40,0,IF(K15<=60,5,IF(K15>=61,10))) -> 0 | P15: =L15 -> 50 | R15: =N15 -> 0 | U15: 4 | V15: TN22SDA894034 | W15: CDT | X15: BALA ABISHEK.S | Y15: 15 | Z15: A | AA15: 18 | AB15: 21 | AC15: A | AD15: 24 | AE15: 27 | AF15: 30 | AG15: =COUNT(Y15:AF15) -> 6 | AH15: =AG15*2 -> 12 | AI15: =AG15/8*100 -> 75 | AJ15: =AG15*50 -> 300 | AL15: =IF(AI15<=40,0,IF(AI15<=60,5,IF(AI15>=61,10))) -> 10 | AN15: =P15+AJ15 -> 350 | AP15: =R15+AL15 -> 10 | AS15: 4 | AT15: TN22SDA894034 | AU15: CDT | AV15: BALA ABISHEK.S | AW15: A | AX15: 33 | AY15: A | AZ15: 36 | BA15: 39 | BB15: A | BC15: 41 | BD15: A | BE15: =COUNT(AW15:BD15) -> 4 | BF15: =BE15*2 -> 8 | BG15: =BE15/8*100 -> 50 | BH15: =BE15*50 -> 200 | BJ15: =IF(BG15<=40,0,IF(BG15<=60,5,IF(BG15>=61,10))) -> 5 | BL15: =AN15+BH15 -> 550 | BN15: =AP15+BJ15 -> 15 | BQ15: 4 | BR15: TN22SDA894034 | BS15: CDT | BT15: BALA ABISHEK.S | BU15: 42 | BV15: 45 | BW15: A | BX15: 48 | BY15: =COUNT(BU15:BX15) -> 3 | BZ15: =BY15*2 -> 6 | CA15: =BY15/4*100 -> 75 | CB15: =BY15*50 -> 150 | CD15: =IF(CA15<=40,0,IF(CA15<=60,5,IF(CA15>=61,10))) -> 10 | CF15: =BL15 -> 550 | CK15: 4 | CW15: =COUNT(CO15:CV15) -> 0 | CX15: =CW15*2 -> 0 | CY15: =CW15/5*100 -> 0 | CZ15: =CW15*50 -> 0 | DB15: =IF(CY15<=40,0,IF(CY15<=60,5,IF(CY15>=61,10))) -> 0 | DD15: =CF15+CZ15 -> 550 | DF15: =CH15+DB15 -> 0 | DI15: 4 | DU15: =COUNT(DM15:DT15) -> 0 | DV15: =DU15*2 -> 0 | DW15: =DU15/6*100 -> 0 | DX15: =DU15*50 -> 0 | DZ15: =IF(DW15<=40,0,IF(DW15<=60,5,IF(DW15>=61,10))) -> 0 | EB15: =DD15+DX15 -> 550 | ED15: =DF15+DZ15 -> 0 | EG15: 4 | EH15: TN20SDA894034 | EI15: CDT | EJ15: GOKUL T | FA15: =COUNT(EK15:ER15) -> 0 | FB15: =FA15*2 -> 0 | FC15: =FA15/4*100 -> 0 | FD15: =FA15*50 -> 0 | FF15: =IF(FC15<=40,0,IF(FC15<=60,5,IF(FC15>=61,10))) -> 0 | FH15: =EB15+FD15 -> 550 | FJ15: =ED15+FF15 -> 0 | FN15: =EN15/3 -> 0 | FO15: =FN15/35*100 -> 0
A16: 5 | B16: TN22SDA894035 | C16: CDT | D16: DHARUN.R.S | E16: 3 | F16: 6 | G16: 9 | H16: 12 | I16: =COUNT(E16:H16) -> 4 | J16: =I16*2 -> 8 | K16: =I16/4*100 -> 100 | L16: =I16*50 -> 200 | N16: =IF(K16<=40,0,IF(K16<=60,5,IF(K16>=61,10))) -> 10 | P16: =L16 -> 200 | R16: =N16 -> 10 | U16: 5 | V16: TN22SDA894035 | W16: CDT | X16: DHARUN.R.S | Y16: 15 | Z16: A | AA16: 18 | AB16: 21 | AC16: 24 | AD16: 27 | AE16: 30 | AF16: A | AG16: =COUNT(Y16:AF16) -> 6 | AH16: =AG16*2 -> 12 | AI16: =AG16/8*100 -> 75 | AJ16: =AG16*50 -> 300 | AL16: =IF(AI16<=40,0,IF(AI16<=60,5,IF(AI16>=61,10))) -> 10 | AN16: =P16+AJ16 -> 500 | AP16: =R16+AL16 -> 20 | AS16: 5 | AT16: TN22SDA894035 | AU16: CDT | AV16: DHARUN.R.S | AW16: 33 | AX16: 36 | AY16: 39 | AZ16: 41 | BA16: 45 | BB16: 48 | BC16: A | BD16: 51 | BE16: =COUNT(AW16:BD16) -> 7 | BF16: =BE16*2 -> 14 | BG16: =BE16/8*100 -> 87.5 | BH16: =BE16*50 -> 350 | BJ16: =IF(BG16<=40,0,IF(BG16<=60,5,IF(BG16>=61,10))) -> 10 | BL16: =AN16+BH16 -> 850 | BN16: =AP16+BJ16 -> 30 | BQ16: 5 | BR16: TN22SDA894035 | BS16: CDT | BT16: DHARUN.R.S | BU16: A | BV16: 54 | BW16: 57 | BX16: 60 | BY16: =COUNT(BU16:BX16) -> 3 | BZ16: =BY16*2 -> 6 | CA16: =BY16/4*100 -> 75 | CB16: =BY16*50 -> 150 | CD16: =IF(CA16<=40,0,IF(CA16<=60,5,IF(CA16>=61,10))) -> 10 | CF16: =BL16 -> 850 | CK16: 5 | CW16: =COUNT(CO16:CV16) -> 0 | CX16: =CW16*2 -> 0 | CY16: =CW16/5*100 -> 0 | CZ16: =CW16*50 -> 0 | DB16: =IF(CY16<=40,0,IF(CY16<=60,5,IF(CY16>=61,10))) -> 0 | DD16: =CF16+CZ16 -> 850 | DF16: =CH16+DB16 -> 0 | DI16: 5 | DU16: =COUNT(DM16:DT16) -> 0 | DV16: =DU16*2 -> 0 | DW16: =DU16/6*100 -> 0 | DX16: =DU16*50 -> 0 | DZ16: =IF(DW16<=40,0,IF(DW16<=60,5,IF(DW16>=61,10))) -> 0 | EB16: =DD16+DX16 -> 850 | ED16: =DF16+DZ16 -> 0 | EG16: 5 | EH16: TN20SDA894035 | EI16: CDT | EJ16: HARI HARAN.E | FA16: =COUNT(EK16:ER16) -> 0 | FB16: =FA16*2 -> 0 | FC16: =FA16/4*100 -> 0 | FD16: =FA16*50 -> 0 | FF16: =IF(FC16<=40,0,IF(FC16<=60,5,IF(FC16>=61,10))) -> 0 | FH16: =EB16+FD16 -> 850 | FJ16: =ED16+FF16 -> 0 | FN16: =EN16/3 -> 0 | FO16: =FN16/35*100 -> 0
A17: 6 | B17: TN22SDA894036 | C17: CDT | D17: JAYA RAMAN.T | E17: 3 | F17: 6 | G17: 9 | H17: 12 | I17: =COUNT(E17:H17) -> 4 | J17: =I17*2 -> 8 | K17: =I17/4*100 -> 100 | L17: =I17*50 -> 200 | N17: =IF(K17<=40,0,IF(K17<=60,5,IF(K17>=61,10))) -> 10 | P17: =L17 -> 200 | R17: =N17 -> 10 | U17: 6 | V17: TN22SDA894036 | W17: CDT | X17: JAYA RAMAN.T | Y17: 15 | Z17: 18 | AA17: A | AB17: 21 | AC17: 24 | AD17: 27 | AE17: 30 | AF17: A | AG17: =COUNT(Y17:AF17) -> 6 | AH17: =AG17*2 -> 12 | AI17: =AG17/8*100 -> 75 | AJ17: =AG17*50 -> 300 | AL17: =IF(AI17<=40,0,IF(AI17<=60,5,IF(AI17>=61,10))) -> 10 | AN17: =P17+AJ17 -> 500 | AP17: =R17+AL17 -> 20 | AS17: 6 | AT17: TN22SDA894036 | AU17: CDT | AV17: JAYA RAMAN.T | AW17: 33 | AX17: 36 | AY17: A | AZ17: 39 | BA17: 42 | BB17: 45 | BC17: A | BD17: 48 | BE17: =COUNT(AW17:BD17) -> 6 | BF17: =BE17*2 -> 12 | BG17: =BE17/8*100 -> 75 | BH17: =BE17*50 -> 300 | BJ17: =IF(BG17<=40,0,IF(BG17<=60,5,IF(BG17>=61,10))) -> 10 | BL17: =AN17+BH17 -> 800 | BN17: =AP17+BJ17 -> 30 | BQ17: 6 | BR17: TN22SDA894036 | BS17: CDT | BT17: JAYA RAMAN.T | BU17: 51 | BV17: A | BW17: 54 | BX17: A | BY17: =COUNT(BU17:BX17) -> 2 | BZ17: =BY17*2 -> 4 | CA17: =BY17/4*100 -> 50 | CB17: =BY17*50 -> 100 | CD17: =IF(CA17<=40,0,IF(CA17<=60,5,IF(CA17>=61,10))) -> 5 | CF17: =BL17 -> 800 | CK17: 6 | CW17: =COUNT(CO17:CV17) -> 0 | CX17: =CW17*2 -> 0 | CY17: =CW17/5*100 -> 0 | CZ17: =CW17*50 -> 0 | DB17: =IF(CY17<=40,0,IF(CY17<=60,5,IF(CY17>=61,10))) -> 0 | DD17: =CF17+CZ17 -> 800 | DF17: =CH17+DB17 -> 0 | DI17: 6 | DU17: =COUNT(DM17:DT17) -> 0 | DV17: =DU17*2 -> 0 | DW17: =DU17/6*100 -> 0 | DX17: =DU17*50 -> 0 | DZ17: =IF(DW17<=40,0,IF(DW17<=60,5,IF(DW17>=61,10))) -> 0 | EB17: =DD17+DX17 -> 800 | ED17: =DF17+DZ17 -> 0 | EG17: 6 | EH17: TN20SDA894036 | EI17: CDT | EJ17: JEGANADHAN.K | FA17: =COUNT(EK17:ER17) -> 0 | FB17: =FA17*2 -> 0 | FC17: =FA17/4*100 -> 0 | FD17: =FA17*50 -> 0 | FF17: =IF(FC17<=40,0,IF(FC17<=60,5,IF(FC17>=61,10))) -> 0 | FH17: =EB17+FD17 -> 800 | FJ17: =ED17+FF17 -> 0 | FN17: =EN17/3 -> 0 | FO17: =FN17/35*100 -> 0
A18: 7 | B18: TN22SDA894037 | C18: CDT | D18: LAKSHMANAN.R | E18: 3 | F18: 6 | G18: 9 | H18: 12 | I18: =COUNT(E18:H18) -> 4 | J18: =I18*2 -> 8 | K18: =I18/4*100 -> 100 | L18: =I18*50 -> 200 | N18: =IF(K18<=40,0,IF(K18<=60,5,IF(K18>=61,10))) -> 10 | P18: =L18 -> 200 | R18: =N18 -> 10 | U18: 7 | V18: TN22SDA894037 | W18: CDT | X18: LAKSHMANAN.R | Y18: 15 | Z18: 18 | AA18: 21 | AB18: 24 | AC18: 27 | AD18: 30 | AE18: A | AF18: A | AG18: =COUNT(Y18:AF18) -> 6 | AH18: =AG18*2 -> 12 | AI18: =AG18/8*100 -> 75 | AJ18: =AG18*50 -> 300 | AL18: =IF(AI18<=40,0,IF(AI18<=60,5,IF(AI18>=61,10))) -> 10 | AN18: =P18+AJ18 -> 500 | AP18: =R18+AL18 -> 20 | AS18: 7 | AT18: TN22SDA894037 | AU18: CDT | AV18: LAKSHMANAN.R | AW18: 33 | AX18: 36 | AY18: A | AZ18: 39 | BA18: A | BB18: 42 | BC18: 45 | BD18: 48 | BE18: =COUNT(AW18:BD18) -> 6 | BF18: =BE18*2 -> 12 | BG18: =BE18/8*100 -> 75 | BH18: =BE18*50 -> 300 | BJ18: =IF(BG18<=40,0,IF(BG18<=60,5,IF(BG18>=61,10))) -> 10 | BL18: =AN18+BH18 -> 800 | BN18: =AP18+BJ18 -> 30 | BQ18: 7 | BR18: TN22SDA894037 | BS18: CDT | BT18: LAKSHMANAN.R | BU18: A | BV18: 51 | BW18: A | BX18: 54 | BY18: =COUNT(BU18:BX18) -> 2 | BZ18: =BY18*2 -> 4 | CA18: =BY18/4*100 -> 50 | CB18: =BY18*50 -> 100 | CD18: =IF(CA18<=40,0,IF(CA18<=60,5,IF(CA18>=61,10))) -> 5 | CF18: =BL18 -> 800 | CK18: 7 | CW18: =COUNT(CO18:CV18) -> 0 | CX18: =CW18*2 -> 0 | CY18: =CW18/5*100 -> 0 | CZ18: =CW18*50 -> 0 | DB18: =IF(CY18<=40,0,IF(CY18<=60,5,IF(CY18>=61,10))) -> 0 | DD18: =CF18+CZ18 -> 800 | DF18: =CH18+DB18 -> 0 | DI18: 7 | DU18: =COUNT(DM18:DT18) -> 0 | DV18: =DU18*2 -> 0 | DW18: =DU18/6*100 -> 0 | DX18: =DU18*50 -> 0 | DZ18: =IF(DW18<=40,0,IF(DW18<=60,5,IF(DW18>=61,10))) -> 0 | EB18: =DD18+DX18 -> 800 | ED18: =DF18+DZ18 -> 0 | EG18: 7 | EH18: TN20SDA894037 | EI18: CSM | EJ18: KAMAL RAJ.S | FA18: =COUNT(EK18:ER18) -> 0 | FB18: =FA18*2 -> 0 | FC18: =FA18/4*100 -> 0 | FD18: =FA18*50 -> 0 | FF18: =IF(FC18<=40,0,IF(FC18<=60,5,IF(FC18>=61,10))) -> 0 | FH18: =EB18+FD18 -> 800 | FJ18: =ED18+FF18 -> 0 | FN18: =EN18/3 -> 0 | FO18: =FN18/35*100 -> 0
A19: 8 | B19: TN22SDA894038 | C19: CDT | D19: MADHAVA BRIGHTLY.A | E19: 3 | F19: A | G19: A | H19: A | I19: =COUNT(E19:H19) -> 1 | J19: =I19*2 -> 2 | K19: =I19/4*100 -> 25 | L19: =I19*50 -> 50 | N19: =IF(K19<=40,0,IF(K19<=60,5,IF(K19>=61,10))) -> 0 | P19: =L19 -> 50 | R19: =N19 -> 0 | U19: 8 | V19: TN22SDA894038 | W19: CDT | X19: MADHAVA BRIGHTLY.A | Y19: 9 | Z19: 12 | AA19: A | AB19: A | AC19: 15 | AD19: A | AE19: A | AF19: 18 | AG19: =COUNT(Y19:AF19) -> 4 | AH19: =AG19*2 -> 8 | AI19: =AG19/8*100 -> 50 | AJ19: =AG19*50 -> 200 | AL19: =IF(AI19<=40,0,IF(AI19<=60,5,IF(AI19>=61,10))) -> 5 | AN19: =P19+AJ19 -> 250 | AP19: =R19+AL19 -> 5 | AS19: 8 | AT19: TN22SDA894038 | AU19: CDT | AV19: MADHAVA BRIGHTLY.A | AW19: A | AX19: A | AY19: A | AZ19: 21 | BA19: 24 | BB19: A | BC19: 27 | BD19: A | BE19: =COUNT(AW19:BD19) -> 3 | BF19: =BE19*2 -> 6 | BG19: =BE19/8*100 -> 37.5 | BH19: =BE19*50 -> 150 | BJ19: =IF(BG19<=40,0,IF(BG19<=60,5,IF(BG19>=61,10))) -> 0 | BL19: =AN19+BH19 -> 400 | BN19: =AP19+BJ19 -> 5 | BQ19: 8 | BR19: TN22SDA894038 | BS19: CDT | BT19: MADHAVA BRIGHTLY.A | BU19: 30 | BV19: A | BW19: 33 | BX19: A | BY19: =COUNT(BU19:BX19) -> 2 | BZ19: =BY19*2 -> 4 | CA19: =BY19/4*100 -> 50 | CB19: =BY19*50 -> 100 | CD19: =IF(CA19<=40,0,IF(CA19<=60,5,IF(CA19>=61,10))) -> 5 | CF19: =BL19 -> 400 | CK19: 8 | CW19: =COUNT(CO19:CV19) -> 0 | CX19: =CW19*2 -> 0 | CY19: =CW19/5*100 -> 0 | CZ19: =CW19*50 -> 0 | DB19: =IF(CY19<=40,0,IF(CY19<=60,5,IF(CY19>=61,10))) -> 0 | DD19: =CF19+CZ19 -> 400 | DF19: =CH19+DB19 -> 0 | DI19: 8 | DU19: =COUNT(DM19:DT19) -> 0 | DV19: =DU19*2 -> 0 | DW19: =DU19/6*100 -> 0 | DX19: =DU19*50 -> 0 | DZ19: =IF(DW19<=40,0,IF(DW19<=60,5,IF(DW19>=61,10))) -> 0 | EB19: =DD19+DX19 -> 400 | ED19: =DF19+DZ19 -> 0 | EG19: 8 | EH19: TN20SDA894038 | EI19: CUO | EJ19: KARTHICK P | FA19: =COUNT(EK19:ER19) -> 0 | FB19: =FA19*2 -> 0 | FC19: =FA19/4*100 -> 0 | FD19: =FA19*50 -> 0 | FF19: =IF(FC19<=40,0,IF(FC19<=60,5,IF(FC19>=61,10))) -> 0 | FH19: =EB19+FD19 -> 400 | FJ19: =ED19+FF19 -> 0 | FN19: =EN19/3 -> 0 | FO19: =FN19/35*100 -> 0
A20: 9 | B20: TN22SDA894039 | C20: CDT | D20: MANMOHAN.M.S | E20: 3 | F20: 6 | G20: 9 | H20: 12 | I20: =COUNT(E20:H20) -> 4 | J20: =I20*2 -> 8 | K20: =I20/4*100 -> 100 | L20: =I20*50 -> 200 | N20: =IF(K20<=40,0,IF(K20<=60,5,IF(K20>=61,10))) -> 10 | P20: =L20 -> 200 | R20: =N20 -> 10 | U20: 9 | V20: TN22SDA894039 | W20: CDT | X20: MANMOHAN.M.S | Y20: 9 | Z20: 12 | AA20: 15 | AB20: 18 | AC20: 21 | AD20: 24 | AE20: 27 | AF20: 30 | AG20: =COUNT(Y20:AF20) -> 8 | AH20: =AG20*2 -> 16 | AI20: =AG20/8*100 -> 100 | AJ20: =AG20*50 -> 400 | AL20: =IF(AI20<=40,0,IF(AI20<=60,5,IF(AI20>=61,10))) -> 10 | AN20: =P20+AJ20 -> 600 | AP20: =R20+AL20 -> 20 | AS20: 9 | AT20: TN22SDA894039 | AU20: CDT | AV20: MANMOHAN.M.S | AW20: A | AX20: A | AY20: 33 | AZ20: 36 | BA20: 39 | BB20: 42 | BC20: 45 | BD20: 48 | BE20: =COUNT(AW20:BD20) -> 6 | BF20: =BE20*2 -> 12 | BG20: =BE20/8*100 -> 75 | BH20: =BE20*50 -> 300 | BJ20: =IF(BG20<=40,0,IF(BG20<=60,5,IF(BG20>=61,10))) -> 10 | BL20: =AN20+BH20 -> 900 | BN20: =AP20+BJ20 -> 30 | BQ20: 9 | BR20: TN22SDA894039 | BS20: CDT | BT20: MANMOHAN.M.S | BU20: A | BV20: 51 | BW20: A | BX20: 54 | BY20: =COUNT(BU20:BX20) -> 2 | BZ20: =BY20*2 -> 4 | CA20: =BY20/4*100 -> 50 | CB20: =BY20*50 -> 100 | CD20: =IF(CA20<=40,0,IF(CA20<=60,5,IF(CA20>=61,10))) -> 5 | CF20: =BL20 -> 900 | CK20: 9 | CW20: =COUNT(CO20:CV20) -> 0 | CX20: =CW20*2 -> 0 | CY20: =CW20/5*100 -> 0 | CZ20: =CW20*50 -> 0 | DB20: =IF(CY20<=40,0,IF(CY20<=60,5,IF(CY20>=61,10))) -> 0 | DD20: =CF20+CZ20 -> 900 | DF20: =CH20+DB20 -> 0 | DI20: 9 | DU20: =COUNT(DM20:DT20) -> 0 | DV20: =DU20*2 -> 0 | DW20: =DU20/6*100 -> 0 | DX20: =DU20*50 -> 0 | DZ20: =IF(DW20<=40,0,IF(DW20<=60,5,IF(DW20>=61,10))) -> 0 | EB20: =DD20+DX20 -> 900 | ED20: =DF20+DZ20 -> 0 | EG20: 9 | EH20: TN20SDA894039 | EI20: SGT | EJ20: KEERTHESWARAN.S | FA20: =COUNT(EK20:ER20) -> 0 | FB20: =FA20*2 -> 0 | FC20: =FA20/4*100 -> 0 | FD20: =FA20*50 -> 0 | FF20: =IF(FC20<=40,0,IF(FC20<=60,5,IF(FC20>=61,10))) -> 0 | FH20: =EB20+FD20 -> 900 | FJ20: =ED20+FF20 -> 0 | FN20: =EN20/3 -> 0 | FO20: =FN20/35*100 -> 0
A21: 10 | B21: TN22SDA894040 | C21: CDT | D21: PRANESH.S | E21: 3 | F21: 6 | G21: 9 | H21: 12 | I21: =COUNT(E21:H21) -> 4 | J21: =I21*2 -> 8 | K21: =I21/4*100 -> 100 | L21: =I21*50 -> 200 | N21: =IF(K21<=40,0,IF(K21<=60,5,IF(K21>=61,10))) -> 10 | P21: =L21 -> 200 | R21: =N21 -> 10 | U21: 10 | V21: TN22SDA894040 | W21: CDT | X21: PRANESH.S | Y21: 15 | Z21: A | AA21: A | AB21: A | AC21: A | AD21: A | AE21: A | AF21: 18 | AG21: =COUNT(Y21:AF21) -> 2 | AH21: =AG21*2 -> 4 | AI21: =AG21/8*100 -> 25 | AJ21: =AG21*50 -> 100 | AL21: =IF(AI21<=40,0,IF(AI21<=60,5,IF(AI21>=61,10))) -> 0 | AN21: =P21+AJ21 -> 300 | AP21: =R21+AL21 -> 10 | AS21: 10 | AT21: TN22SDA894040 | AU21: CDT | AV21: PRANESH.S | AW21: 21 | AX21: 24 | AY21: A | AZ21: A | BA21: 27 | BB21: 30 | BC21: A | BD21: 33 | BE21: =COUNT(AW21:BD21) -> 5 | BF21: =BE21*2 -> 10 | BG21: =BE21/8*100 -> 62.5 | BH21: =BE21*50 -> 250 | BJ21: =IF(BG21<=40,0,IF(BG21<=60,5,IF(BG21>=61,10))) -> 10 | BL21: =AN21+BH21 -> 550 | BN21: =AP21+BJ21 -> 20 | BQ21: 10 | BR21: TN22SDA894040 | BS21: CDT | BT21: PRANESH.S | BU21: A | BV21: A | BW21: 36 | BX21: A | BY21: =COUNT(BU21:BX21) -> 1 | BZ21: =BY21*2 -> 2 | CA21: =BY21/4*100 -> 25 | CB21: =BY21*50 -> 50 | CD21: =IF(CA21<=40,0,IF(CA21<=60,5,IF(CA21>=61,10))) -> 0 | CF21: =BL21 -> 550 | CK21: 10 | CW21: =COUNT(CO21:CV21) -> 0 | CX21: =CW21*2 -> 0 | CY21: =CW21/5*100 -> 0 | CZ21: =CW21*50 -> 0 | DB21: =IF(CY21<=40,0,IF(CY21<=60,5,IF(CY21>=61,10))) -> 0 | DD21: =CF21+CZ21 -> 550 | DF21: =CH21+DB21 -> 0 | DI21: 10 | DU21: =COUNT(DM21:DT21) -> 0 | DV21: =DU21*2 -> 0 | DW21: =DU21/6*100 -> 0 | DX21: =DU21*50 -> 0 | DZ21: =IF(DW21<=40,0,IF(DW21<=60,5,IF(DW21>=61,10))) -> 0 | EB21: =DD21+DX21 -> 550 | ED21: =DF21+DZ21 -> 0 | EG21: 10 | EH21: TN20SDA894040 | EI21: CDT | EJ21: MANI KANADA PRABHU S | FA21: =COUNT(EK21:ER21) -> 0 | FB21: =FA21*2 -> 0 | FC21: =FA21/4*100 -> 0 | FD21: =FA21*50 -> 0 | FF21: =IF(FC21<=40,0,IF(FC21<=60,5,IF(FC21>=61,10))) -> 0 | FH21: =EB21+FD21 -> 550 | FJ21: =ED21+FF21 -> 0 | FN21: =EN21/3 -> 0 | FO21: =FN21/35*100 -> 0
A22: 11 | B22: TN22SDA894041 | C22: CDT | D22: PRASANTH.A | E22: 3 | F22: A | G22: 6 | H22: A | I22: =COUNT(E22:H22) -> 2 | J22: =I22*2 -> 4 | K22: =I22/4*100 -> 50 | L22: =I22*50 -> 100 | N22: =IF(K22<=40,0,IF(K22<=60,5,IF(K22>=61,10))) -> 5 | P22: =L22 -> 100 | R22: =N22 -> 5 | U22: 11 | V22: TN22SDA894041 | W22: CDT | X22: PRASANTH.A | Y22: A | Z22: A | AA22: 15 | AB22: 18 | AC22: 21 | AD22: 24 | AE22: 27 | AF22: 30 | AG22: =COUNT(Y22:AF22) -> 6 | AH22: =AG22*2 -> 12 | AI22: =AG22/8*100 -> 75 | AJ22: =AG22*50 -> 300 | AL22: =IF(AI22<=40,0,IF(AI22<=60,5,IF(AI22>=61,10))) -> 10 | AN22: =P22+AJ22 -> 400 | AP22: =R22+AL22 -> 15 | AS22: 11 | AT22: TN22SDA894041 | AU22: CDT | AV22: PRASANTH.A | AW22: A | AX22: A | AY22: 33 | AZ22: 36 | BA22: 39 | BB22: 42 | BC22: 45 | BD22: A | BE22: =COUNT(AW22:BD22) -> 5 | BF22: =BE22*2 -> 10 | BG22: =BE22/8*100 -> 62.5 | BH22: =BE22*50 -> 250 | BJ22: =IF(BG22<=40,0,IF(BG22<=60,5,IF(BG22>=61,10))) -> 10 | BL22: =AN22+BH22 -> 650 | BN22: =AP22+BJ22 -> 25 | BQ22: 11 | BR22: TN22SDA894041 | BS22: CDT | BT22: PRASANTH.A | BU22: 48 | BV22: 51 | BW22: A | BX22: 54 | BY22: =COUNT(BU22:BX22) -> 3 | BZ22: =BY22*2 -> 6 | CA22: =BY22/4*100 -> 75 | CB22: =BY22*50 -> 150 | CD22: =IF(CA22<=40,0,IF(CA22<=60,5,IF(CA22>=61,10))) -> 10 | CF22: =BL22 -> 650 | CK22: 11 | CW22: =COUNT(CO22:CV22) -> 0 | CX22: =CW22*2 -> 0 | CY22: =CW22/5*100 -> 0 | CZ22: =CW22*50 -> 0 | DB22: =IF(CY22<=40,0,IF(CY22<=60,5,IF(CY22>=61,10))) -> 0 | DD22: =CF22+CZ22 -> 650 | DF22: =CH22+DB22 -> 0 | DI22: 11 | DU22: =COUNT(DM22:DT22) -> 0 | DV22: =DU22*2 -> 0 | DW22: =DU22/6*100 -> 0 | DX22: =DU22*50 -> 0 | DZ22: =IF(DW22<=40,0,IF(DW22<=60,5,IF(DW22>=61,10))) -> 0 | EB22: =DD22+DX22 -> 650 | ED22: =DF22+DZ22 -> 0 | EG22: 11 | EH22: TN20SDA894041 | EI22: CDT | EJ22: NAVEEN KUMAR.B | FA22: =COUNT(EK22:ER22) -> 0 | FB22: =FA22*2 -> 0 | FC22: =FA22/4*100 -> 0 | FD22: =FA22*50 -> 0 | FF22: =IF(FC22<=40,0,IF(FC22<=60,5,IF(FC22>=61,10))) -> 0 | FH22: =EB22+FD22 -> 650 | FJ22: =ED22+FF22 -> 0 | FN22: =EN22/3 -> 0 | FO22: =FN22/35*100 -> 0
A23: 12 | B23: TN22SDA894042 | C23: CDT | D23: RAGHUL.J | E23: 3 | F23: A | G23: 6 | H23: 9 | I23: =COUNT(E23:H23) -> 3 | J23: =I23*2 -> 6 | K23: =I23/4*100 -> 75 | L23: =I23*50 -> 150 | N23: =IF(K23<=40,0,IF(K23<=60,5,IF(K23>=61,10))) -> 10 | P23: =L23 -> 150 | R23: =N23 -> 10 | U23: 12 | V23: TN22SDA894042 | W23: CDT | X23: RAGHUL.J | Y23: A | Z23: 6 | AA23: A | AB23: A | AC23: 9 | AD23: A | AE23: A | AF23: A | AG23: =COUNT(Y23:AF23) -> 2 | AH23: =AG23*2 -> 4 | AI23: =AG23/8*100 -> 25 | AJ23: =AG23*50 -> 100 | AL23: =IF(AI23<=40,0,IF(AI23<=60,5,IF(AI23>=61,10))) -> 0 | AN23: =P23+AJ23 -> 250 | AP23: =R23+AL23 -> 10 | AS23: 12 | AT23: TN22SDA894042 | AU23: CDT | AV23: RAGHUL.J | AW23: 12 | AX23: 15 | AY23: A | AZ23: 18 | BA23: A | BB23: A | BC23: 21 | BD23: 24 | BE23: =COUNT(AW23:BD23) -> 5 | BF23: =BE23*2 -> 10 | BG23: =BE23/8*100 -> 62.5 | BH23: =BE23*50 -> 250 | BJ23: =IF(BG23<=40,0,IF(BG23<=60,5,IF(BG23>=61,10))) -> 10 | BL23: =AN23+BH23 -> 500 | BN23: =AP23+BJ23 -> 20 | BQ23: 12 | BR23: TN22SDA894042 | BS23: CDT | BT23: RAGHUL.J | BU23: A | BV23: 27 | BW23: 30 | BX23: A | BY23: =COUNT(BU23:BX23) -> 2 | BZ23: =BY23*2 -> 4 | CA23: =BY23/4*100 -> 50 | CB23: =BY23*50 -> 100 | CD23: =IF(CA23<=40,0,IF(CA23<=60,5,IF(CA23>=61,10))) -> 5 | CF23: =BL23 -> 500 | CK23: 12 | CW23: =COUNT(CO23:CV23) -> 0 | CX23: =CW23*2 -> 0 | CY23: =CW23/5*100 -> 0 | CZ23: =CW23*50 -> 0 | DB23: =IF(CY23<=40,0,IF(CY23<=60,5,IF(CY23>=61,10))) -> 0 | DD23: =CF23+CZ23 -> 500 | DF23: =CH23+DB23 -> 0 | DI23: 12 | DU23: =COUNT(DM23:DT23) -> 0 | DV23: =DU23*2 -> 0 | DW23: =DU23/6*100 -> 0 | DX23: =DU23*50 -> 0 | DZ23: =IF(DW23<=40,0,IF(DW23<=60,5,IF(DW23>=61,10))) -> 0 | EB23: =DD23+DX23 -> 500 | ED23: =DF23+DZ23 -> 0 | EG23: 12 | EH23: TN20SDA894042 | EI23: CDT | EJ23: RANJITH.V.P | FA23: =COUNT(EK23:ER23) -> 0 | FB23: =FA23*2 -> 0 | FC23: =FA23/4*100 -> 0 | FD23: =FA23*50 -> 0 | FF23: =IF(FC23<=40,0,IF(FC23<=60,5,IF(FC23>=61,10))) -> 0 | FH23: =EB23+FD23 -> 500 | FJ23: =ED23+FF23 -> 0 | FN23: =EN23/3 -> 0 | FO23: =FN23/35*100 -> 0
A24: 13 | B24: TN22SDA894043 | C24: CDT | D24: SANJAY.K | E24: 3 | F24: 6 | G24: 9 | H24: 12 | I24: =COUNT(E24:H24) -> 4 | J24: =I24*2 -> 8 | K24: =I24/4*100 -> 100 | L24: =I24*50 -> 200 | N24: =IF(K24<=40,0,IF(K24<=60,5,IF(K24>=61,10))) -> 10 | P24: =L24 -> 200 | R24: =N24 -> 10 | U24: 13 | V24: TN22SDA894043 | W24: CDT | X24: SANJAY.K | Y24: 12 | Z24: 15 | AA24: 18 | AB24: 21 | AC24: A | AD24: 24 | AE24: 27 | AF24: 30 | AG24: =COUNT(Y24:AF24) -> 7 | AH24: =AG24*2 -> 14 | AI24: =AG24/8*100 -> 87.5 | AJ24: =AG24*50 -> 350 | AL24: =IF(AI24<=40,0,IF(AI24<=60,5,IF(AI24>=61,10))) -> 10 | AN24: =P24+AJ24 -> 550 | AP24: =R24+AL24 -> 20 | AS24: 13 | AT24: TN22SDA894043 | AU24: CDT | AV24: SANJAY.K | AW24: 33 | AX24: 36 | AY24: 39 | AZ24: A | BA24: 42 | BB24: 45 | BC24: 48 | BD24: A | BE24: =COUNT(AW24:BD24) -> 6 | BF24: =BE24*2 -> 12 | BG24: =BE24/8*100 -> 75 | BH24: =BE24*50 -> 300 | BJ24: =IF(BG24<=40,0,IF(BG24<=60,5,IF(BG24>=61,10))) -> 10 | BL24: =AN24+BH24 -> 850 | BN24: =AP24+BJ24 -> 30 | BQ24: 13 | BR24: TN22SDA894043 | BS24: CDT | BT24: SANJAY.K | BU24: 51 | BV24: 54 | BW24: A | BX24: 57 | BY24: =COUNT(BU24:BX24) -> 3 | BZ24: =BY24*2 -> 6 | CA24: =BY24/4*100 -> 75 | CB24: =BY24*50 -> 150 | CD24: =IF(CA24<=40,0,IF(CA24<=60,5,IF(CA24>=61,10))) -> 10 | CF24: =BL24 -> 850 | CK24: 13 | CW24: =COUNT(CO24:CV24) -> 0 | CX24: =CW24*2 -> 0 | CY24: =CW24/5*100 -> 0 | CZ24: =CW24*50 -> 0 | DB24: =IF(CY24<=40,0,IF(CY24<=60,5,IF(CY24>=61,10))) -> 0 | DD24: =CF24+CZ24 -> 850 | DF24: =CH24+DB24 -> 0 | DI24: 13 | DU24: =COUNT(DM24:DT24) -> 0 | DV24: =DU24*2 -> 0 | DW24: =DU24/6*100 -> 0 | DX24: =DU24*50 -> 0 | DZ24: =IF(DW24<=40,0,IF(DW24<=60,5,IF(DW24>=61,10))) -> 0 | EB24: =DD24+DX24 -> 850 | ED24: =DF24+DZ24 -> 0 | EG24: 13 | EH24: TN20SDA894043 | EI24: CDT | EJ24: SIVASANMUGAN G | FA24: =COUNT(EK24:ER24) -> 0 | FB24: =FA24*2 -> 0 | FC24: =FA24/4*100 -> 0 | FD24: =FA24*50 -> 0 | FF24: =IF(FC24<=40,0,IF(FC24<=60,5,IF(FC24>=61,10))) -> 0 | FH24: =EB24+FD24 -> 850 | FJ24: =ED24+FF24 -> 0 | FN24: =EN24/3 -> 0 | FO24: =FN24/35*100 -> 0
A25: 14 | B25: TN22SDA894044 | C25: CDT | D25: SATHEESH KUMAR.V | E25: 3 | F25: 6 | G25: 9 | H25: 12 | I25: =COUNT(E25:H25) -> 4 | J25: =I25*2 -> 8 | K25: =I25/4*100 -> 100 | L25: =I25*50 -> 200 | N25: =IF(K25<=40,0,IF(K25<=60,5,IF(K25>=61,10))) -> 10 | P25: =L25 -> 200 | R25: =N25 -> 10 | U25: 14 | V25: TN22SDA894044 | W25: CDT | X25: SATHEESH KUMAR.V | Y25: A | Z25: 15 | AA25: 18 | AB25: 21 | AC25: 24 | AD25: A | AE25: 27 | AF25: 30 | AG25: =COUNT(Y25:AF25) -> 6 | AH25: =AG25*2 -> 12 | AI25: =AG25/8*100 -> 75 | AJ25: =AG25*50 -> 300 | AL25: =IF(AI25<=40,0,IF(AI25<=60,5,IF(AI25>=61,10))) -> 10 | AN25: =P25+AJ25 -> 500 | AP25: =R25+AL25 -> 20 | AS25: 14 | AT25: TN22SDA894044 | AU25: CDT | AV25: SATHEESH KUMAR.V | AW25: 33 | AX25: 36 | AY25: 39 | AZ25: 42 | BA25: A | BB25: 45 | BC25: 48 | BD25: 51 | BE25: =COUNT(AW25:BD25) -> 7 | BF25: =BE25*2 -> 14 | BG25: =BE25/8*100 -> 87.5 | BH25: =BE25*50 -> 350 | BJ25: =IF(BG25<=40,0,IF(BG25<=60,5,IF(BG25>=61,10))) -> 10 | BL25: =AN25+BH25 -> 850 | BN25: =AP25+BJ25 -> 30 | BQ25: 14 | BR25: TN22SDA894044 | BS25: CDT | BT25: SATHEESH KUMAR.V | BU25: 54 | BV25: A | BW25: 57 | BX25: 60 | BY25: =COUNT(BU25:BX25) -> 3 | BZ25: =BY25*2 -> 6 | CA25: =BY25/4*100 -> 75 | CB25: =BY25*50 -> 150 | CD25: =IF(CA25<=40,0,IF(CA25<=60,5,IF(CA25>=61,10))) -> 10 | CF25: =BL25 -> 850 | CK25: 14 | CW25: =COUNT(CO25:CV25) -> 0 | CX25: =CW25*2 -> 0 | CY25: =CW25/5*100 -> 0 | CZ25: =CW25*50 -> 0 | DB25: =IF(CY25<=40,0,IF(CY25<=60,5,IF(CY25>=61,10))) -> 0 | DD25: =CF25+CZ25 -> 850 | DF25: =CH25+DB25 -> 0 | DI25: 14 | DU25: =COUNT(DM25:DT25) -> 0 | DV25: =DU25*2 -> 0 | DW25: =DU25/6*100 -> 0 | DX25: =DU25*50 -> 0 | DZ25: =IF(DW25<=40,0,IF(DW25<=60,5,IF(DW25>=61,10))) -> 0 | EB25: =DD25+DX25 -> 850 | ED25: =DF25+DZ25 -> 0 | EG25: 14 | EH25: TN20SDA894044 | EI25: CDT | EJ25: UDHAYA KAVI M | FA25: =COUNT(EK25:ER25) -> 0 | FB25: =FA25*2 -> 0 | FC25: =FA25/4*100 -> 0 | FD25: =FA25*50 -> 0 | FF25: =IF(FC25<=40,0,IF(FC25<=60,5,IF(FC25>=61,10))) -> 0 | FH25: =EB25+FD25 -> 850 | FJ25: =ED25+FF25 -> 0 | FN25: =EM25/3 -> 0 | FO25: =FN25/35*100 -> 0
A26: 15 | B26: TN22SWA894045 | C26: CDT | D26: ABINAYA.K | E26: 3 | F26: 6 | G26: 9 | H26: 12 | I26: =COUNT(E26:H26) -> 4 | J26: =I26*2 -> 8 | K26: =I26/4*100 -> 100 | L26: =I26*50 -> 200 | N26: =IF(K26<=40,0,IF(K26<=60,5,IF(K26>=61,10))) -> 10 | P26: =L26 -> 200 | R26: =N26 -> 10 | U26: 15 | V26: TN22SWA894045 | W26: CDT | X26: ABINAYA.K | Y26: 9 | Z26: 12 | AA26: 15 | AB26: 18 | AC26: A | AD26: 21 | AE26: 24 | AF26: 27 | AG26: =COUNT(Y26:AF26) -> 7 | AH26: =AG26*2 -> 14 | AI26: =AG26/8*100 -> 87.5 | AJ26: =AG26*50 -> 350 | AL26: =IF(AI26<=40,0,IF(AI26<=60,5,IF(AI26>=61,10))) -> 10 | AN26: =P26+AJ26 -> 550 | AP26: =R26+AL26 -> 20 | AS26: 15 | AT26: TN22SWA894045 | AU26: CDT | AV26: ABINAYA.K | AW26: 30 | AX26: 33 | AY26: A | AZ26: 36 | BA26: 39 | BB26: A | BC26: 42 | BD26: 45 | BE26: =COUNT(AW26:BD26) -> 6 | BF26: =BE26*2 -> 12 | BG26: =BE26/8*100 -> 75 | BH26: =BE26*50 -> 300 | BJ26: =IF(BG26<=40,0,IF(BG26<=60,5,IF(BG26>=61,10))) -> 10 | BL26: =AN26+BH26 -> 850 | BN26: =AP26+BJ26 -> 30 | BQ26: 15 | BR26: TN22SWA894045 | BS26: CDT | BT26: ABINAYA.K | BU26: 48 | BV26: A | BW26: 51 | BX26: 54 | BY26: =COUNT(BU26:BX26) -> 3 | BZ26: =BY26*2 -> 6 | CA26: =BY26/4*100 -> 75 | CB26: =BY26*50 -> 150 | CD26: =IF(CA26<=40,0,IF(CA26<=60,5,IF(CA26>=61,10))) -> 10 | CF26: =BL26 -> 850 | CK26: 15 | CW26: =COUNT(CO26:CV26) -> 0 | CX26: =CW26*2 -> 0 | CY26: =CW26/5*100 -> 0 | CZ26: =CW26*50 -> 0 | DB26: =IF(CY26<=40,0,IF(CY26<=60,5,IF(CY26>=61,10))) -> 0 | DD26: =CF26+CZ26 -> 850 | DF26: =CH26+DB26 -> 0 | DI26: 15 | DU26: =COUNT(DM26:DT26) -> 0 | DV26: =DU26*2 -> 0 | DW26: =DU26/6*100 -> 0 | DX26: =DU26*50 -> 0 | DZ26: =IF(DW26<=40,0,IF(DW26<=60,5,IF(DW26>=61,10))) -> 0 | EB26: =DD26+DX26 -> 850 | ED26: =DF26+DZ26 -> 0 | EG26: 15 | EH26: TN20SDA894045 | EI26: CDT | EJ26: VARATHARAJAN.N | FA26: =COUNT(EK26:ER26) -> 0 | FB26: =FA26*2 -> 0 | FC26: =FA26/4*100 -> 0 | FD26: =FA26*50 -> 0 | FF26: =IF(FC26<=40,0,IF(FC26<=60,5,IF(FC26>=61,10))) -> 0 | FH26: =EB26+FD26 -> 850 | FJ26: =ED26+FF26 -> 0 | FN26: =EN26/3 -> 0 | FO26: =FN26/35*100 -> 0
A27: 16 | B27: TN22SWA894046 | C27: CDT | D27: AISHWARIYA.S | E27: 3 | F27: 6 | G27: 9 | H27: 12 | I27: =COUNT(E27:H27) -> 4 | J27: =I27*2 -> 8 | K27: =I27/4*100 -> 100 | L27: =I27*50 -> 200 | N27: =IF(K27<=40,0,IF(K27<=60,5,IF(K27>=61,10))) -> 10 | P27: =L27 -> 200 | R27: =N27 -> 10 | U27: 16 | V27: TN22SWA894046 | W27: CDT | X27: AISHWARIYA.S | Y27: 15 | Z27: 18 | AA27: 21 | AB27: A | AC27: 24 | AD27: A | AE27: 27 | AF27: 30 | AG27: =COUNT(Y27:AF27) -> 6 | AH27: =AG27*2 -> 12 | AI27: =AG27/8*100 -> 75 | AJ27: =AG27*50 -> 300 | AL27: =IF(AI27<=40,0,IF(AI27<=60,5,IF(AI27>=61,10))) -> 10 | AN27: =P27+AJ27 -> 500 | AP27: =R27+AL27 -> 20 | AS27: 16 | AT27: TN22SWA894046 | AU27: CDT | AV27: AISHWARIYA.S | AW27: 30 | AX27: 33 | AY27: 36 | AZ27: 39 | BA27: A | BB27: 42 | BC27: A | BD27: 45 | BE27: =COUNT(AW27:BD27) -> 6 | BF27: =BE27*2 -> 12 | BG27: =BE27/8*100 -> 75 | BH27: =BE27*50 -> 300 | BJ27: =IF(BG27<=40,0,IF(BG27<=60,5,IF(BG27>=61,10))) -> 10 | BL27: =AN27+BH27 -> 800 | BN27: =AP27+BJ27 -> 30 | BQ27: 16 | BR27: TN22SWA894046 | BS27: CDT | BT27: AISHWARIYA.S | BU27: 48 | BV27: 51 | BW27: 54 | BX27: A | BY27: =COUNT(BU27:BX27) -> 3 | BZ27: =BY27*2 -> 6 | CA27: =BY27/4*100 -> 75 | CB27: =BY27*50 -> 150 | CD27: =IF(CA27<=40,0,IF(CA27<=60,5,IF(CA27>=61,10))) -> 10 | CF27: =BL27 -> 800 | CK27: 16 | CW27: =COUNT(CO27:CV27) -> 0 | CX27: =CW27*2 -> 0 | CY27: =CW27/5*100 -> 0 | CZ27: =CW27*50 -> 0 | DB27: =IF(CY27<=40,0,IF(CY27<=60,5,IF(CY27>=61,10))) -> 0 | DD27: =CF27+CZ27 -> 800 | DF27: =CH27+DB27 -> 0 | DI27: 16 | DU27: =COUNT(DM27:DT27) -> 0 | DV27: =DU27*2 -> 0 | DW27: =DU27/6*100 -> 0 | DX27: =DU27*50 -> 0 | DZ27: =IF(DW27<=40,0,IF(DW27<=60,5,IF(DW27>=61,10))) -> 0 | EB27: =DD27+DX27 -> 800 | ED27: =DF27+DZ27 -> 0 | EG27: 16 | EH27: TN20SDA894046 | EI27: CPL | EJ27: VINODKUMAR.K.S | FA27: =COUNT(EK27:ER27) -> 0 | FB27: =FA27*2 -> 0 | FC27: =FA27/4*100 -> 0 | FD27: =FA27*50 -> 0 | FF27: =IF(FC27<=40,0,IF(FC27<=60,5,IF(FC27>=61,10))) -> 0 | FH27: =EB27+FD27 -> 800 | FJ27: =ED27+FF27 -> 0 | FN27: =EN27/3 -> 0 | FO27: =FN27/35*100 -> 0
A28: 17 | B28: TN22SWA894047 | C28: CDT | D28: ARUNA.R | E28: A | F28: A | G28: A | H28: A | I28: =COUNT(E28:H28) -> 0 | J28: =I28*2 -> 0 | K28: =I28/4*100 -> 0 | L28: =I28*50 -> 0 | N28: =IF(K28<=40,0,IF(K28<=60,5,IF(K28>=61,10))) -> 0 | P28: =L28 -> 0 | R28: =N28 -> 0 | U28: 17 | V28: TN22SWA894047 | W28: CDT | X28: ARUNA.R | Y28: 3 | Z28: 6 | AA28: 9 | AB28: 12 | AC28: 15 | AD28: 18 | AE28: 21 | AF28: A | AG28: =COUNT(Y28:AF28) -> 7 | AH28: =AG28*2 -> 14 | AI28: =AG28/8*100 -> 87.5 | AJ28: =AG28*50 -> 350 | AL28: =IF(AI28<=40,0,IF(AI28<=60,5,IF(AI28>=61,10))) -> 10 | AN28: =P28+AJ28 -> 350 | AP28: =R28+AL28 -> 10 | AS28: 17 | AT28: TN22SWA894047 | AU28: CDT | AV28: ARUNA.R | AW28: A | AX28: A | AY28: 24 | AZ28: 27 | BA28: 30 | BB28: 33 | BC28: 36 | BD28: 39 | BE28: =COUNT(AW28:BD28) -> 6 | BF28: =BE28*2 -> 12 | BG28: =BE28/8*100 -> 75 | BH28: =BE28*50 -> 300 | BJ28: =IF(BG28<=40,0,IF(BG28<=60,5,IF(BG28>=61,10))) -> 10 | BL28: =AN28+BH28 -> 650 | BN28: =AP28+BJ28 -> 20 | BQ28: 17 | BR28: TN22SWA894047 | BS28: CDT | BT28: ARUNA.R | BU28: 42 | BV28: 45 | BW28: 48 | BX28: 51 | BY28: =COUNT(BU28:BX28) -> 4 | BZ28: =BY28*2 -> 8 | CA28: =BY28/4*100 -> 100 | CB28: =BY28*50 -> 200 | CD28: =IF(CA28<=40,0,IF(CA28<=60,5,IF(CA28>=61,10))) -> 10 | CF28: =BL28 -> 650 | CK28: 17 | CW28: =COUNT(CO28:CV28) -> 0 | CX28: =CW28*2 -> 0 | CY28: =CW28/5*100 -> 0 | CZ28: =CW28*50 -> 0 | DB28: =IF(CY28<=40,0,IF(CY28<=60,5,IF(CY28>=61,10))) -> 0 | DD28: =CF28+CZ28 -> 650 | DF28: =CH28+DB28 -> 0 | DI28: 17 | DU28: =COUNT(DM28:DT28) -> 0 | DV28: =DU28*2 -> 0 | DW28: =DU28/6*100 -> 0 | DX28: =DU28*50 -> 0 | DZ28: =IF(DW28<=40,0,IF(DW28<=60,5,IF(DW28>=61,10))) -> 0 | EB28: =DD28+DX28 -> 650 | ED28: =DF28+DZ28 -> 0 | EG28: 17 | EH28: TN20SWA894047 | EI28: CDT | EJ28: KAVYA. R | FA28: =COUNT(EK28:ER28) -> 0 | FB28: =FA28*2 -> 0 | FC28: =FA28/4*100 -> 0 | FD28: =FA28*50 -> 0 | FF28: =IF(FC28<=40,0,IF(FC28<=60,5,IF(FC28>=61,10))) -> 0 | FH28: =EB28+FD28 -> 650 | FJ28: =ED28+FF28 -> 0 | FN28: =EN28/3 -> 0 | FO28: =FN28/35*100 -> 0
A29: 18 | B29: TN22SWA894048 | C29: CDT | D29: ASWATHI.E | E29: 3 | F29: 6 | G29: 9 | H29: 12 | I29: =COUNT(E29:H29) -> 4 | J29: =I29*2 -> 8 | K29: =I29/4*100 -> 100 | L29: =I29*50 -> 200 | N29: =IF(K29<=40,0,IF(K29<=60,5,IF(K29>=61,10))) -> 10 | P29: =L29 -> 200 | R29: =N29 -> 10 | U29: 18 | V29: TN22SWA894048 | W29: CDT | X29: ASWATHI.E | Y29: 12 | Z29: 15 | AA29: 18 | AB29: 21 | AC29: 24 | AD29: 27 | AE29: A | AF29: A | AG29: =COUNT(Y29:AF29) -> 6 | AH29: =AG29*2 -> 12 | AI29: =AG29/8*100 -> 75 | AJ29: =AG29*50 -> 300 | AL29: =IF(AI29<=40,0,IF(AI29<=60,5,IF(AI29>=61,10))) -> 10 | AN29: =P29+AJ29 -> 500 | AP29: =R29+AL29 -> 20 | AS29: 18 | AT29: TN22SWA894048 | AU29: CDT | AV29: ASWATHI.E | AW29: A | AX29: 9 | AY29: 12 | AZ29: 15 | BA29: 18 | BB29: A | BC29: 21 | BD29: 24 | BE29: =COUNT(AW29:BD29) -> 6 | BF29: =BE29*2 -> 12 | BG29: =BE29/8*100 -> 75 | BH29: =BE29*50 -> 300 | BJ29: =IF(BG29<=40,0,IF(BG29<=60,5,IF(BG29>=61,10))) -> 10 | BL29: =AN29+BH29 -> 800 | BN29: =AP29+BJ29 -> 30 | BQ29: 18 | BR29: TN22SWA894048 | BS29: CDT | BT29: ASWATHI.E | BU29: A | BV29: A | BW29: 27 | BX29: 30 | BY29: =COUNT(BU29:BX29) -> 2 | BZ29: =BY29*2 -> 4 | CA29: =BY29/4*100 -> 50 | CB29: =BY29*50 -> 100 | CD29: =IF(CA29<=40,0,IF(CA29<=60,5,IF(CA29>=61,10))) -> 5 | CF29: =BL29 -> 800 | CK29: 18 | CW29: =COUNT(CO29:CV29) -> 0 | CX29: =CW29*2 -> 0 | CY29: =CW29/5*100 -> 0 | CZ29: =CW29*50 -> 0 | DB29: =IF(CY29<=40,0,IF(CY29<=60,5,IF(CY29>=61,10))) -> 0 | DD29: =CF29+CZ29 -> 800 | DF29: =CH29+DB29 -> 0 | DI29: 18 | DU29: =COUNT(DM29:DT29) -> 0 | DV29: =DU29*2 -> 0 | DW29: =DU29/6*100 -> 0 | DX29: =DU29*50 -> 0 | DZ29: =IF(DW29<=40,0,IF(DW29<=60,5,IF(DW29>=61,10))) -> 0 | EB29: =DD29+DX29 -> 800 | ED29: =DF29+DZ29 -> 0 | EG29: 18 | EH29: TN20SWA894048 | EI29: CUO | EJ29: LEENA N | FA29: =COUNT(EK29:ER29) -> 0 | FB29: =FA29*2 -> 0 | FC29: =FA29/4*100 -> 0 | FD29: =FA29*50 -> 0 | FF29: =IF(FC29<=40,0,IF(FC29<=60,5,IF(FC29>=61,10))) -> 0 | FH29: =EB29+FD29 -> 800 | FJ29: =ED29+FF29 -> 0 | FN29: =EN29/3 -> 0 | FO29: =FN29/35*100 -> 0
A30: 19 | B30: TN22SWA894049 | C30: CDT | D30: GUNASELVAM.G | E30: 3 | F30: 6 | G30: 9 | H30: 12 | I30: =COUNT(E30:H30) -> 4 | J30: =I30*2 -> 8 | K30: =I30/4*100 -> 100 | L30: =I30*50 -> 200 | N30: =IF(K30<=40,0,IF(K30<=60,5,IF(K30>=61,10))) -> 10 | P30: =L30 -> 200 | R30: =N30 -> 10 | U30: 19 | V30: TN22SWA894049 | W30: CDT | X30: GUNASELVAM.G | Y30: A | Z30: 12 | AA30: 15 | AB30: 18 | AC30: A | AD30: 21 | AE30: 24 | AF30: 27 | AG30: =COUNT(Y30:AF30) -> 6 | AH30: =AG30*2 -> 12 | AI30: =AG30/8*100 -> 75 | AJ30: =AG30*50 -> 300 | AL30: =IF(AI30<=40,0,IF(AI30<=60,5,IF(AI30>=61,10))) -> 10 | AN30: =P30+AJ30 -> 500 | AP30: =R30+AL30 -> 20 | AS30: 19 | AT30: TN22SWA894049 | AU30: CDT | AV30: GUNASELVAM.G | AW30: 30 | AX30: 33 | AY30: 36 | AZ30: A | BA30: 39 | BB30: 42 | BC30: A | BD30: 45 | BE30: =COUNT(AW30:BD30) -> 6 | BF30: =BE30*2 -> 12 | BG30: =BE30/8*100 -> 75 | BH30: =BE30*50 -> 300 | BJ30: =IF(BG30<=40,0,IF(BG30<=60,5,IF(BG30>=61,10))) -> 10 | BL30: =AN30+BH30 -> 800 | BN30: =AP30+BJ30 -> 30 | BQ30: 19 | BR30: TN22SWA894049 | BS30: CDT | BT30: GUNASELVAM.G | BU30: 48 | BV30: 51 | BW30: 54 | BX30: 57 | BY30: =COUNT(BU30:BX30) -> 4 | BZ30: =BY30*2 -> 8 | CA30: =BY30/4*100 -> 100 | CB30: =BY30*50 -> 200 | CD30: =IF(CA30<=40,0,IF(CA30<=60,5,IF(CA30>=61,10))) -> 10 | CF30: =BL30 -> 800 | CK30: 19 | CW30: =COUNT(CO30:CV30) -> 0 | CX30: =CW30*2 -> 0 | CY30: =CW30/5*100 -> 0 | CZ30: =CW30*50 -> 0 | DB30: =IF(CY30<=40,0,IF(CY30<=60,5,IF(CY30>=61,10))) -> 0 | DD30: =CF30+CZ30 -> 800 | DF30: =CH30+DB30 -> 0 | DI30: 19 | DU30: =COUNT(DM30:DT30) -> 0 | DV30: =DU30*2 -> 0 | DW30: =DU30/6*100 -> 0 | DX30: =DU30*50 -> 0 | DZ30: =IF(DW30<=40,0,IF(DW30<=60,5,IF(DW30>=61,10))) -> 0 | EB30: =DD30+DX30 -> 800 | ED30: =DF30+DZ30 -> 0 | EG30: 19 | EH30: TN20SWA894049 | EI30: LCPL | EJ30: MAHEEMA R | FA30: =COUNT(EK30:ER30) -> 0 | FB30: =FA30*2 -> 0 | FC30: =FA30/4*100 -> 0 | FD30: =FA30*50 -> 0 | FF30: =IF(FC30<=40,0,IF(FC30<=60,5,IF(FC30>=61,10))) -> 0 | FH30: =EB30+FD30 -> 800 | FJ30: =ED30+FF30 -> 0 | FN30: =EN30/3 -> 0 | FO30: =FN30/35*100 -> 0
A31: 20 | B31: TN22SWA894050 | C31: CDT | D31: INDHUMATHI.V | E31: 3 | F31: 6 | G31: 9 | H31: 12 | I31: =COUNT(E31:H31) -> 4 | J31: =I31*2 -> 8 | K31: =I31/4*100 -> 100 | L31: =I31*50 -> 200 | N31: =IF(K31<=40,0,IF(K31<=60,5,IF(K31>=61,10))) -> 10 | P31: =L31 -> 200 | R31: =N31 -> 10 | U31: 20 | V31: TN22SWA894050 | W31: CDT | X31: INDHUMATHI.V | Y31: 15 | Z31: 18 | AA31: A | AB31: 21 | AC31: 24 | AD31: 27 | AE31: A | AF31: 30 | AG31: =COUNT(Y31:AF31) -> 6 | AH31: =AG31*2 -> 12 | AI31: =AG31/8*100 -> 75 | AJ31: =AG31*50 -> 300 | AL31: =IF(AI31<=40,0,IF(AI31<=60,5,IF(AI31>=61,10))) -> 10 | AN31: =P31+AJ31 -> 500 | AP31: =R31+AL31 -> 20 | AS31: 20 | AT31: TN22SWA894050 | AU31: CDT | AV31: INDHUMATHI.V | AW31: 33 | AX31: 36 | AY31: A | AZ31: 39 | BA31: 42 | BB31: 45 | BC31: 48 | BD31: A | BE31: =COUNT(AW31:BD31) -> 6 | BF31: =BE31*2 -> 12 | BG31: =BE31/8*100 -> 75 | BH31: =BE31*50 -> 300 | BJ31: =IF(BG31<=40,0,IF(BG31<=60,5,IF(BG31>=61,10))) -> 10 | BL31: =AN31+BH31 -> 800 | BN31: =AP31+BJ31 -> 30 | BQ31: 20 | BR31: TN22SWA894050 | BS31: CDT | BT31: INDHUMATHI.V | BU31: 51 | BV31: A | BW31: 54 | BX31: 57 | BY31: =COUNT(BU31:BX31) -> 3 | BZ31: =BY31*2 -> 6 | CA31: =BY31/4*100 -> 75 | CB31: =BY31*50 -> 150 | CD31: =IF(CA31<=40,0,IF(CA31<=60,5,IF(CA31>=61,10))) -> 10 | CF31: =BL31 -> 800 | CK31: 20 | CW31: =COUNT(CO31:CV31) -> 0 | CX31: =CW31*2 -> 0 | CY31: =CW31/5*100 -> 0 | CZ31: =CW31*50 -> 0 | DB31: =IF(CY31<=40,0,IF(CY31<=60,5,IF(CY31>=61,10))) -> 0 | DD31: =CF31+CZ31 -> 800 | DF31: =CH31+DB31 -> 0 | DI31: 20 | DU31: =COUNT(DM31:DT31) -> 0 | DV31: =DU31*2 -> 0 | DW31: =DU31/6*100 -> 0 | DX31: =DU31*50 -> 0 | DZ31: =IF(DW31<=40,0,IF(DW31<=60,5,IF(DW31>=61,10))) -> 0 | EB31: =DD31+DX31 -> 800 | ED31: =DF31+DZ31 -> 0 | EG31: 20 | EH31: TN20SWA894050 | EI31: CDT | EJ31: RAGAVI A | FA31: =COUNT(EK31:ER31) -> 0 | FB31: =FA31*2 -> 0 | FC31: =FA31/4*100 -> 0 | FD31: =FA31*50 -> 0 | FF31: =IF(FC31<=40,0,IF(FC31<=60,5,IF(FC31>=61,10))) -> 0 | FH31: =EB31+FD31 -> 800 | FJ31: =ED31+FF31 -> 0 | FN31: =EN31/3 -> 0 | FO31: =FN31/35*100 -> 0
A32: 21 | B32: TN22SWA894051 | C32: CDT | D32: MITHRA.V | E32: 3 | F32: A | G32: 6 | H32: A | I32: =COUNT(E32:H32) -> 2 | J32: =I32*2 -> 4 | K32: =I32/4*100 -> 50 | L32: =I32*50 -> 100 | N32: =IF(K32<=40,0,IF(K32<=60,5,IF(K32>=61,10))) -> 5 | P32: =L32 -> 100 | R32: =N32 -> 5 | U32: 21 | V32: TN22SWA894051 | W32: CDT | X32: MITHRA.V | Y32: A | Z32: 12 | AA32: A | AB32: A | AC32: A | AD32: A | AE32: A | AF32: 15 | AG32: =COUNT(Y32:AF32) -> 2 | AH32: =AG32*2 -> 4 | AI32: =AG32/8*100 -> 25 | AJ32: =AG32*50 -> 100 | AL32: =IF(AI32<=40,0,IF(AI32<=60,5,IF(AI32>=61,10))) -> 0 | AN32: =P32+AJ32 -> 200 | AP32: =R32+AL32 -> 5 | AS32: 21 | AT32: TN22SWA894051 | AU32: CDT | AV32: MITHRA.V | AW32: 33 | AX32: A | AY32: 36 | AZ32: A | BA32: A | BB32: A | BC32: 39 | BD32: 42 | BE32: =COUNT(AW32:BD32) -> 4 | BF32: =BE32*2 -> 8 | BG32: =BE32/8*100 -> 50 | BH32: =BE32*50 -> 200 | BJ32: =IF(BG32<=40,0,IF(BG32<=60,5,IF(BG32>=61,10))) -> 5 | BL32: =AN32+BH32 -> 400 | BN32: =AP32+BJ32 -> 10 | BQ32: 21 | BR32: TN22SWA894051 | BS32: CDT | BT32: MITHRA.V | BU32: A | BV32: 45 | BW32: A | BX32: 48 | BY32: =COUNT(BU32:BX32) -> 2 | BZ32: =BY32*2 -> 4 | CA32: =BY32/4*100 -> 50 | CB32: =BY32*50 -> 100 | CD32: =IF(CA32<=40,0,IF(CA32<=60,5,IF(CA32>=61,10))) -> 5 | CF32: =BL32 -> 400 | CK32: 21 | CW32: =COUNT(CO32:CV32) -> 0 | CX32: =CW32*2 -> 0 | CY32: =CW32/5*100 -> 0 | CZ32: =CW32*50 -> 0 | DB32: =IF(CY32<=40,0,IF(CY32<=60,5,IF(CY32>=61,10))) -> 0 | DD32: =CF32+CZ32 -> 400 | DF32: =CH32+DB32 -> 0 | DI32: 21 | DU32: =COUNT(DM32:DT32) -> 0 | DV32: =DU32*2 -> 0 | DW32: =DU32/6*100 -> 0 | DX32: =DU32*50 -> 0 | DZ32: =IF(DW32<=40,0,IF(DW32<=60,5,IF(DW32>=61,10))) -> 0 | EB32: =DD32+DX32 -> 400 | ED32: =DF32+DZ32 -> 0 | EG32: 21 | EH32: TN20SWA894051 | EI32: SGT | EJ32: SANTHIYA S | FA32: =COUNT(EK32:ER32) -> 0 | FB32: =FA32*2 -> 0 | FC32: =FA32/4*100 -> 0 | FD32: =FA32*50 -> 0 | FF32: =IF(FC32<=40,0,IF(FC32<=60,5,IF(FC32>=61,10))) -> 0 | FH32: =EB32+FD32 -> 400 | FJ32: =ED32+FF32 -> 0 | FN32: =EN32/3 -> 0 | FO32: =FN32/35*100 -> 0
A33: 22 | B33: TN22SWA894052 | C33: CDT | D33: RIYA ROSARIN.B | E33: 3 | F33: A | G33: 6 | H33: 12 | I33: =COUNT(E33:H33) -> 3 | J33: =I33*2 -> 6 | K33: =I33/4*100 -> 75 | L33: =I33*50 -> 150 | N33: =IF(K33<=40,0,IF(K33<=60,5,IF(K33>=61,10))) -> 10 | P33: =L33 -> 150 | R33: =N33 -> 10 | U33: 22 | V33: TN22SWA894052 | W33: CDT | X33: RIYA ROSARIN.B | Y33: A | Z33: A | AA33: 12 | AB33: A | AC33: 15 | AD33: A | AE33: 18 | AF33: A | AG33: =COUNT(Y33:AF33) -> 3 | AH33: =AG33*2 -> 6 | AI33: =AG33/8*100 -> 37.5 | AJ33: =AG33*50 -> 150 | AL33: =IF(AI33<=40,0,IF(AI33<=60,5,IF(AI33>=61,10))) -> 0 | AN33: =P33+AJ33 -> 300 | AP33: =R33+AL33 -> 10 | AS33: 22 | AT33: TN22SWA894052 | AU33: CDT | AV33: RIYA ROSARIN.B | AW33: 21 | AX33: 24 | AY33: 27 | AZ33: 30 | BA33: 33 | BB33: A | BC33: A | BD33: A | BE33: =COUNT(AW33:BD33) -> 5 | BF33: =BE33*2 -> 10 | BG33: =BE33/8*100 -> 62.5 | BH33: =BE33*50 -> 250 | BJ33: =IF(BG33<=40,0,IF(BG33<=60,5,IF(BG33>=61,10))) -> 10 | BL33: =AN33+BH33 -> 550 | BN33: =AP33+BJ33 -> 20 | BQ33: 22 | BR33: TN22SWA894052 | BS33: CDT | BT33: RIYA ROSARIN.B | BU33: 36 | BV33: 39 | BW33: 42 | BX33: A | BY33: =COUNT(BU33:BX33) -> 3 | BZ33: =BY33*2 -> 6 | CA33: =BY33/4*100 -> 75 | CB33: =BY33*50 -> 150 | CD33: =IF(CA33<=40,0,IF(CA33<=60,5,IF(CA33>=61,10))) -> 10 | CF33: =BL33 -> 550 | CK33: 22 | CW33: =COUNT(CO33:CV33) -> 0 | CX33: =CW33*2 -> 0 | CY33: =CW33/5*100 -> 0 | CZ33: =CW33*50 -> 0 | DB33: =IF(CY33<=40,0,IF(CY33<=60,5,IF(CY33>=61,10))) -> 0 | DD33: =CF33+CZ33 -> 550 | DF33: =CH33+DB33 -> 0 | DI33: 22 | DU33: =COUNT(DM33:DT33) -> 0 | DV33: =DU33*2 -> 0 | DW33: =DU33/6*100 -> 0 | DX33: =DU33*50 -> 0 | DZ33: =IF(DW33<=40,0,IF(DW33<=60,5,IF(DW33>=61,10))) -> 0 | EB33: =DD33+DX33 -> 550 | ED33: =DF33+DZ33 -> 0 | EG33: 22 | EH33: TN20SWA894052 | EI33: CPL | EJ33: SUBANITHI B | FA33: =COUNT(EK33:ER33) -> 0 | FB33: =FA33*2 -> 0 | FC33: =FA33/4*100 -> 0 | FD33: =FA33*50 -> 0 | FF33: =IF(FC33<=40,0,IF(FC33<=60,5,IF(FC33>=61,10))) -> 0 | FH33: =EB33+FD33 -> 550 | FJ33: =ED33+FF33 -> 0 | FN33: =EN33/3 -> 0 | FO33: =FN33/35*100 -> 0
E34: =COUNT(E12:E33) -> 17 | F34: =COUNT(F12:F33) -> 14 | G34: =COUNT(G12:G33) -> 16 | H34: =COUNT(H12:H33) -> 14 | Y34: =COUNT(Y12:Y33) -> 15 | Z34: =COUNT(Z12:Z33) -> 17 | AA34: =COUNT(AA12:AA33) -> 16 | AB34: =COUNT(AB12:AB33) -> 15 | AC34: =COUNT(AC12:AC33) -> 15 | AD34: =COUNT(AD12:AD33) -> 15 | AE34: =COUNT(AE12:AE33) -> 15 | AF34: =COUNT(AF12:AF33) -> 15 | AW34: =COUNT(AW12:AW33) -> 14 | AX34: =COUNT(AX12:AX33) -> 15 | AY34: =COUNT(AY12:AY33) -> 14 | AZ34: =COUNT(AZ12:AZ33) -> 16 | BA34: =COUNT(BA12:BA33) -> 14 | BB34: =COUNT(BB12:BB33) -> 14 | BC34: =COUNT(BC12:BC33) -> 15 | BD34: =COUNT(BD12:BD33) -> 15 | BU34: =COUNT(BU12:BU33) -> 14 | BV34: =COUNT(BV12:BV33) -> 15 | BW34: =COUNT(BW12:BW33) -> 16 | BX34: =COUNT(BX12:BX33) -> 14 | CF34: =BL34 -> 0 | CO34: =COUNT(CO12:CO33) -> 0 | CP34: =COUNT(CP12:CP33) -> 0 | CQ34: =COUNT(CQ12:CQ33) -> 0 | CR34: =COUNT(CR12:CR33) -> 0 | CS34: =COUNT(CS12:CS33) -> 0 | DM34: =COUNT(DM12:DM33) -> 0 | DN34: =COUNT(DN12:DN33) -> 0 | DO34: =COUNT(DO12:DO33) -> 0 | DP34: =COUNT(DP12:DP33) -> 0 | DQ34: =COUNT(DQ12:DQ33) -> 0 | DR34: =COUNT(DR12:DR33) -> 0 | DS34: =COUNT(DS12:DS33) -> 0 | EK34: =COUNT(EK12:EK33) -> 0 | EL34: =COUNT(EL12:EL33) -> 0 | EM34: =COUNT(EM12:EM33) -> 0 | EN34: =COUNT(EN12:EN33) -> 0
E35: =E34*50 -> 850 | F35: =F34*50 -> 700 | G35: =G34*50 -> 800 | H35: =H34*50 -> 700 | Y35: =Y34*50 -> 750 | Z35: =Z34*50 -> 850 | AA35: =AA34*50 -> 800 | AB35: =AB34*50 -> 750 | AC35: =AC34*50 -> 750 | AD35: =AD34*50 -> 750 | AE35: =AE34*50 -> 750 | AF35: =AF34*50 -> 750 | AW35: =AW34*50 -> 700 | AX35: =AX34*50 -> 750 | AY35: =AY34*50 -> 700 | AZ35: =AZ34*50 -> 800 | BA35: =BA34*50 -> 700 | BB35: =BB34*50 -> 700 | BC35: =BC34*50 -> 750 | BD35: =BD34*50 -> 750 | BU35: =BU34*20 -> 280 | BV35: =BV34*20 -> 300 | BW35: =BW34*20 -> 320 | BX35: =BX34*20 -> 280 | CF35: =BL35 -> 0 | CO35: =CO34*50 -> 0 | CP35: =CP34*50 -> 0 | CQ35: =CQ34*50 -> 0 | CR35: =CR34*50 -> 0 | CS35: =CS34*50 -> 0 | DM35: =DM34*50 -> 0 | DN35: =DN34*50 -> 0 | DO35: =DO34*50 -> 0 | DP35: =DP34*50 -> 0 | DQ35: =DQ34*50 -> 0 | DR35: =DR34*50 -> 0 | DS35: =DS34*20 -> 0 | EK35: =EK34*50 -> 0 | EL35: =EL34*50 -> 0 | EM35: =EM34*50 -> 0 | EN35: =EN34*50 -> 0 | FH35: =SUM(FH12:FH33) -> 15050 | FN35: Wash Allw | FO35: =SUM(FJ12:FJ33) -> 0
G37: =SUM(E34:H34) -> 61 | AF37: =SUM(Y34:AF34) -> 123 | BD37: =SUM(AW34:BD34) -> 117 | BW37: =SUM(BU34:BX34) -> 59
G38: =G37*50 -> 3050 | AF38: =AF37*50 -> 6150 | BD38: =BD37*50 -> 5850 | BW38: =BW37*50 -> 2950
D43: NATIONAL CADET CORPS | X43: NATIONAL CADET CORPS | AV43: NATIONAL CADET CORPS | BT43: NATIONAL CADET CORPS | CN43: NATIONAL CADET CORPS | DL43: NATIONAL CADET CORPS | EJ43: NATIONAL CADET CORPS
A44: Unit:4 (TN) CTC NCC, Annamalainagar | L44: Place: | M44: Annamalainagar | U44: Unit:4 (TN) CTC NCC, Annamalainagar | AJ44: Place: | AK44: Annamalainagar | AS44: Unit:4 (TN) CTC NCC, Annamalainagar | BH44: Place: | BI44: Annamalainagar | BQ44: Unit:4 (TN) CTC NCC, Annamalainagar | CB44: Place: | CC44: Annamalainagar | CK44: Unit:4 (TN) CTC NCC, Annamalainagar | CZ44: Place: | DA44: Annamalainagar | DI44: Unit:4 (TN) CTC NCC, Annamalainagar | DX44: Place: | DY44: Annamalainagar | EG44: Unit:4 (TN) CTC NCC, Annamalainagar | FD44: Place: | FE44: Annamalainagar
D45: Attendance Register for the month of JULY 2023 | I45: Total number of Parades held in this month: | P45: No.:4 In Hrs:8 | X45: Attendance Register for the month of AUGUST 2023 | AG45: Total number of Parades held in this month: | AN45: No.:8 In Hrs:16 | AV45: Attendance Register for the month of SEPTEMBER 2023 | BE45: Total number of Parades held in this month: | BL45: No.:6 In Hrs:12 | BT45: Attendance Register for the month of OCTOBER 2023 | BY45: Total number of Parades held in this month: | CF45: No.: 4 In Hrs: 8 | CN45: Attendance Register for the month of December 2022 | CW45: Total number of Parades held in this month: | DD45: No.:5 In Hrs:10 | DL45: Attendance Register for the month of January 2023 | DU45: Total number of Parades held in this month: | EB45: No.:6 In Hrs:12 | EJ45: Attendance Register for the month of February 2023 | FA45: Total number of Parades held in this month: | FH45: No.:4 In Hrs:8
A46: College/Institution: | D46: FEAT,Annamalai University (SIGNAL) | U46: College/Institution: | X46: FEAT,Annamalai University (SIGNAL) | AS46: College/Institution: | AV46: FEAT,Annamalai University (SIGNAL) | BQ46: College/Institution: | BT46: FEAT,Annamalai University (EME) | CK46: College/Institution: | CN46: FEAT,Annamalai University (EME) | DI46: College/Institution: | DL46: FEAT,Annamalai University (Signal) | EG46: College/Institution: | EJ46: FEAT,Annamalai University (Signal)
A48: Serial number | B48: Cadet number | C48: Rank | D48: Name | E48: Date of Parades | I48: Total number of Parades | K48: Percentage of Attendance | L48: Allowance due to cadets for the month | P48: Progressive total including amount claimed in this bill | T48: Remarks | U48: Serial number | V48: Cadet number | W48: Rank | X48: Name | Y48: Date of Parades | AG48: Total number of Parades | AI48: Percentage of Attendance | AJ48: Allowance due to cadets for the month | AN48: Progressive total including amount claimed in this bill | AR48: Remarks | AS48: Serial number | AT48: Cadet number | AU48: Rank | AV48: Name | AW48: Date of Parades | BE48: Total number of Parades | BG48: Percentage of Attendance | BH48: Allowance due to cadets for the month | BL48: Progressive total including amount claimed in this bill | BP48: Remarks | BQ48: Serial number | BR48: Cadet number | BS48: Rank | BT48: Name | BU48: Date of Parades | BY48: Total number of Parades | CA48: Percentage of Attendance | CB48: Allowance due to cadets for the month | CF48: Progressive total including amount claimed in this bill | CJ48: Remarks | CK48: Serial number | CL48: Cadet number | CM48: Rank | CN48: Name | CP48: Date of Parades | CW48: Total number of Parades | CY48: Percentage of Attendance | CZ48: Allowance due to cadets for the month | DD48: Progressive total including amount claimed in this bill | DH48: Remarks | DI48: Serial number | DJ48: Cadet number | DK48: Rank | DL48: Name | DM48: Date of Parades | DU48: Total number of Parades | DW48: Percentage of Attendance | DX48: Allowance due to cadets for the month | EB48: Progressive total including amount claimed in this bill | EF48: Remarks | EG48: Serial number | EH48: Cadet number | EI48: Rank | EJ48: Name | EK48: Date of Parades | FA48: Total number of Parades | FC48: Percentage of Attendance | FD48: Allowance due to cadets for the month | FH48: Progressive total including amount claimed in this bill | FL48: Remarks
E49: Dates | Y49: Dates | AW49: Dates | BU49: Dates | CP49: Dates | DM49: Dates | EK49: Dates
E50: 8 | F50: 9 | G50: 10 | H50: 11 | I50: Attended | J50: In Hours | L50: Refreshment at paper hour | N50: Washing | P50: Refreshment | R50: Washing | Y50: 1 | Z50: 2 | AA50: 3 | AB50: 9 | AC50: 10 | AD50: 11 | AE50: 14 | AF50: 15 | AG50: Attended | AH50: In Hours | AJ50: Refreshment at paper hour | AL50: Washing | AN50: Refreshment | AP50: Washing | AW50: 12 | AX50: 13 | AY50: 14 | AZ50: 20 | BA50: 21 | BB50: 22 | BC50: 25 | BD50: 26 | BE50: Attended | BF50: In Hours | BH50: Refreshment at paper hour | BJ50: Washing | BL50: Refreshment | BN50: Washing | BU50: 3 | BV50: 4 | BW50: 10 | BX50: 11 | BY50: Attended | BZ50: In Hours | CB50: Refreshment at paper hour | CD50: Washing | CF50: Refreshment | CH50: Washing | CO50: 7 | CP50: 8 | CQ50: 13 | CR50: 14 | CS50: 15 | CW50: Attended | CX50: In Hours | CZ50: Refreshment at paper hour | DB50: Washing | DD50: Refreshment | DF50: Washing | DM50: 4 | DN50: 5 | DO50: 18 | DP50: 19 | DQ50: 20 | DR50: 21 | DU50: Attended | DV50: In Hours | DX50: Refreshment at paper hour | DZ50: Washing | EB50: Refreshment | ED50: Washing | EK50: 1 | EL50: 2 | EM50: 3 | EN50: 6 | FA50: Attended | FB50: In Hours | FD50: Refreshment at paper hour | FF50: Washing | FH50: Refreshment | FJ50: Washing
E51: 2 | F51: 2 | G51: 2 | H51: 2 | Y51: 2 | Z51: 2 | AA51: 2 | AB51: 2 | AC51: 2 | AD51: 2 | AE51: 2 | AF51: 2 | AW51: 2 | AX51: 2 | AY51: 2 | AZ51: 2 | BA51: 2 | BB51: 2 | BC51: 2 | BD51: 2 | BU51: 2 | BV51: 2 | BW51: 2 | BX51: 2 | CO51: 2 | CP51: 2 | CQ51: 2 | CR51: 2 | CS51: 2 | DM51: 2 | DN51: 2 | DO51: 2 | DP51: 2 | DQ51: 2 | DR51: 2 | DS51: 2 Hours | EK51: 2 | EL51: 2 | EM51: 2 | EN51: 2 | FN51: Total parade | FO51: % Attendence
L52: Rs | M52: P | N52: Rs | O52: P | P52: Rs | Q52: P | R52: Rs | S52: P | AJ52: Rs | AK52: P | AL52: Rs | AM52: P | AN52: Rs | AO52: P | AP52: Rs | AQ52: P | BH52: Rs | BI52: P | BJ52: Rs | BK52: P | BL52: Rs | BM52: P | BN52: Rs | BO52: P | CB52: Rs | CC52: P | CD52: Rs | CE52: P | CF52: Rs | CG52: P | CH52: Rs | CI52: P | CZ52: Rs | DA52: P | DB52: Rs | DC52: P | DD52: Rs | DE52: P | DF52: Rs | DG52: P | DX52: Rs | DY52: P | DZ52: Rs | EA52: P | EB52: Rs | EC52: P | ED52: Rs | EE52: P | FD52: Rs | FE52: P | FF52: Rs | FG52: P | FH52: Rs | FI52: P | FJ52: Rs | FK52: P | FQ52: =FH77+FH35 -> 33150
A53: 1 | B53: TN23SDA894031 | C53: CDT | D53: AMAREJ T | E53: 3 | F53: 6 | G53: 9 | H53: 12 | I53: =COUNT(E53:H53) -> 4 | J53: =I53*2 -> 8 | K53: =I53/4*100 -> 100 | L53: =I53*50 -> 200 | N53: =IF(K53<=40,0,IF(K53<=60,5,IF(K53>=61,10))) -> 10 | P53: =L53 -> 200 | R53: =N53 -> 10 | U53: 1 | V53: TN21SDA894031 | W53: CPL | X53: BHARATH S | Y53: 15 | Z53: A | AA53: 18 | AB53: 21 | AC53: A | AD53: 24 | AE53: 27 | AF53: 30 | AG53: =COUNT(Y53:AF53) -> 6 | AH53: =AG53*2 -> 12 | AI53: =AG53/8*100 -> 75 | AJ53: =AG53*50 -> 300 | AL53: =IF(AI53<=40,0,IF(AI53<=60,5,IF(AI53>=61,10))) -> 10 | AN53: =P53+AJ53 -> 500 | AP53: =R53+AL53 -> 20 | AS53: 1 | AT53: TN21SDA894031 | AU53: CPL | AV53: BHARATH S | AW53: 33 | AX53: 36 | AY53: A | AZ53: A | BA53: 39 | BB53: 42 | BC53: 45 | BD53: A | BE53: =COUNT(AW53:BD53) -> 5 | BF53: =BE53*2 -> 10 | BG53: =BE53/6*100 -> 83.333333 | BH53: =BE53*50 -> 250 | BJ53: =IF(BG53<=40,0,IF(BG53<=60,5,IF(BG53>=61,10))) -> 10 | BL53: =AN53+BH53 -> 750 | BN53: =AP53+BJ53 -> 30 | BQ53: 1 | BR53: TN21SDA894031 | BS53: CPL | BT53: BHARATH S | BU53: 48 | BV53: A | BW53: 42 | BX53: A | BY53: =COUNT(BU53:BX53) -> 2 | BZ53: =BY53*2 -> 4 | CA53: =BY53/4*100 -> 50 | CB53: =BY53*50 -> 100 | CD53: =IF(CA53<=40,0,IF(CA53<=60,5,IF(CA53>=61,10))) -> 5 | CF53: =BL53+CB53 -> 850 | CH53: =BN53+CD53 -> 35 | CK53: 1 | CL53: TN22SDA894031 | CM53: LCPL | CN53: BHARATH S | CW53: =COUNT(CO53:CV53) -> 0 | CX53: =CW53*2 -> 0 | CY53: =CW53/5*100 -> 0 | CZ53: =CW53*50 -> 0 | DB53: =IF(CY53<=40,0,IF(CY53<=60,5,IF(CY53>=61,10))) -> 0 | DD53: =CF53+CZ53 -> 850 | DF53: =CH53+DB53 -> 35 | DI53: 1 | DJ53: TN21SDA894031 | DK53: LCPL | DL53: BHARATH S | DU53: =COUNT(DM53:DT53) -> 0 | DV53: =DU53*2 -> 0 | DW53: =DU53/6*100 -> 0 | DX53: =DU53*50 -> 0 | DZ53: =IF(DW53<=40,0,IF(DW53<=60,5,IF(DW53>=61,10))) -> 0 | EB53: =DD53+DX53 -> 850 | ED53: =DF53+DZ53 -> 35 | EG53: 1 | EH53: TN21SDA894031 | EI53: LCPL | EJ53: BHARATH S | FA53: =COUNT(EK53:ER53) -> 0 | FB53: =FA53*2 -> 0 | FC53: =FA53/4*100 -> 0 | FD53: =FA53*50 -> 0 | FF53: =IF(FC53<=40,0,IF(FC53<=60,5,IF(FC53>=61,10))) -> 0 | FH53: =EB53+FD53 -> 850 | FJ53: =ED53+FF53 -> 35 | FN53: =EN53/3 -> 0 | FO53: =FN53/35*100 -> 0
A54: 2 | B54: TN23SDA894032 | C54: CDT | D54: ARAVINTH MADDHURESH P | E54: A | F54: 3 | G54: 6 | H54: A | I54: =COUNT(E54:H54) -> 2 | J54: =I54*2 -> 4 | K54: =I54/4*100 -> 50 | L54: =I54*50 -> 100 | N54: =IF(K54<=40,0,IF(K54<=60,5,IF(K54>=61,10))) -> 5 | P54: =L54 -> 100 | R54: =N54 -> 5 | U54: 2 | V54: TN21SDA894032 | W54: CUO | X54: CHIRANJEEVI M B | Y54: 15 | Z54: 18 | AA54: 21 | AB54: 24 | AC54: 27 | AD54: 30 | AE54: 33 | AF54: 36 | AG54: =COUNT(Y54:AF54) -> 8 | AH54: =AG54*2 -> 16 | AI54: =AG54/8*100 -> 100 | AJ54: =AG54*50 -> 400 | AL54: =IF(AI54<=40,0,IF(AI54<=60,5,IF(AI54>=61,10))) -> 10 | AN54: =P54+AJ54 -> 500 | AP54: =R54+AL54 -> 15 | AS54: 2 | AT54: TN21SDA894032 | AU54: CUO | AV54: CHIRANJEEVI M B | AW54: 39 | AX54: 42 | AY54: A | AZ54: 45 | BA54: 48 | BB54: 51 | BC54: 54 | BD54: 57 | BE54: =COUNT(AW54:BD54) -> 7 | BF54: =BE54*2 -> 14 | BG54: =BE54/6*100 -> 116.66667 | BH54: =BE54*50 -> 350 | BJ54: =IF(BG54<=40,0,IF(BG54<=60,5,IF(BG54>=61,10))) -> 10 | BL54: =AN54+BH54 -> 850 | BN54: =AP54+BJ54 -> 25 | BQ54: 2 | BR54: TN21SDA894032 | BS54: CUO | BT54: CHIRANJEEVI M B | BU54: 60 | BV54: 63 | BW54: 66 | BX54: 69 | BY54: =COUNT(BU54:BX54) -> 4 | BZ54: =BY54*2 -> 8 | CA54: =BY54/4*100 -> 100 | CB54: =BY54*50 -> 200 | CD54: =IF(CA54<=40,0,IF(CA54<=60,5,IF(CA54>=61,10))) -> 10 | CF54: =BL54+CB54 -> 1050 | CH54: =BN54+CD54 -> 35 | CK54: 2 | CL54: TN22SDA894032 | CM54: SGT | CN54: CHIRANJEEVI M B | CW54: =COUNT(CO54:CV54) -> 0 | CX54: =CW54*2 -> 0 | CY54: =CW54/5*100 -> 0 | CZ54: =CW54*50 -> 0 | DB54: =IF(CY54<=40,0,IF(CY54<=60,5,IF(CY54>=61,10))) -> 0 | DD54: =CF54+CZ54 -> 1050 | DF54: =CH54+DB54 -> 35 | DI54: 2 | DJ54: TN21SDA894032 | DK54: SGT | DL54: CHIRANJEEVI M B | DU54: =COUNT(DM54:DT54) -> 0 | DV54: =DU54*2 -> 0 | DW54: =DU54/6*100 -> 0 | DX54: =DU54*50 -> 0 | DZ54: =IF(DW54<=40,0,IF(DW54<=60,5,IF(DW54>=61,10))) -> 0 | EB54: =DD54+DX54 -> 1050 | ED54: =DF54+DZ54 -> 35 | EG54: 2 | EH54: TN21SDA894032 | EI54: SGT | EJ54: CHIRANJEEVI M B | FA54: =COUNT(EK54:ER54) -> 0 | FB54: =FA54*2 -> 0 | FC54: =FA54/4*100 -> 0 | FD54: =FA54*50 -> 0 | FF54: =IF(FC54<=40,0,IF(FC54<=60,5,IF(FC54>=61,10))) -> 0 | FH54: =EB54+FD54 -> 1050 | FJ54: =ED54+FF54 -> 35 | FN54: =EN54/3 -> 0 | FO54: =FN54/35*100 -> 0
A55: 3 | B55: TN23SDA894033 | C55: CDT | D55: DEEPAK R | E55: 3 | F55: 6 | G55: 9 | H55: 12 | I55: =COUNT(E55:H55) -> 4 | J55: =I55*2 -> 8 | K55: =I55/4*100 -> 100 | L55: =I55*50 -> 200 | N55: =IF(K55<=40,0,IF(K55<=60,5,IF(K55>=61,10))) -> 10 | P55: =L55 -> 200 | R55: =N55 -> 10 | U55: 3 | V55: TN21SDA894033 | W55: CDT | X55: DHAMODHARAN A | Y55: A | Z55: 9 | AA55: A | AB55: 12 | AC55: A | AD55: 15 | AE55: A | AF55: A | AG55: =COUNT(Y55:AF55) -> 3 | AH55: =AG55*2 -> 6 | AI55: =AG55/8*100 -> 37.5 | AJ55: =AG55*50 -> 150 | AL55: =IF(AI55<=40,0,IF(AI55<=60,5,IF(AI55>=61,10))) -> 0 | AN55: =P55+AJ55 -> 350 | AP55: =R55+AL55 -> 10 | AS55: 3 | AT55: TN21SDA894033 | AU55: CDT | AV55: DHAMODHARAN A | AW55: A | AX55: 18 | AY55: A | AZ55: 21 | BA55: A | BB55: A | BC55: 24 | BD55: A | BE55: =COUNT(AW55:BD55) -> 3 | BF55: =BE55*2 -> 6 | BG55: =BE55/6*100 -> 50 | BH55: =BE55*50 -> 150 | BJ55: =IF(BG55<=40,0,IF(BG55<=60,5,IF(BG55>=61,10))) -> 5 | BL55: =AN55+BH55 -> 500 | BN55: =AP55+BJ55 -> 15 | BQ55: 3 | BR55: TN21SDA894033 | BS55: CDT | BT55: DHAMODHARAN A | BU55: A | BV55: 27 | BW55: A | BX55: A | BY55: =COUNT(BU55:BX55) -> 1 | BZ55: =BY55*2 -> 2 | CA55: =BY55/4*100 -> 25 | CB55: =BY55*50 -> 50 | CD55: =IF(CA55<=40,0,IF(CA55<=60,5,IF(CA55>=61,10))) -> 0 | CF55: =BL55+CB55 -> 550 | CH55: =BN55+CD55 -> 15 | CK55: 3 | CL55: TN22SDA894033 | CM55: CDT | CN55: DHAMODHARAN A | CW55: =COUNT(CO55:CV55) -> 0 | CX55: =CW55*2 -> 0 | CY55: =CW55/5*100 -> 0 | CZ55: =CW55*50 -> 0 | DB55: =IF(CY55<=40,0,IF(CY55<=60,5,IF(CY55>=61,10))) -> 0 | DD55: =CF55+CZ55 -> 550 | DF55: =CH55+DB55 -> 15 | DI55: 3 | DJ55: TN21SDA894033 | DK55: CDT | DL55: DHAMODHARAN A | DU55: =COUNT(DM55:DT55) -> 0 | DV55: =DU55*2 -> 0 | DW55: =DU55/6*100 -> 0 | DX55: =DU55*50 -> 0 | DZ55: =IF(DW55<=40,0,IF(DW55<=60,5,IF(DW55>=61,10))) -> 0 | EB55: =DD55+DX55 -> 550 | ED55: =DF55+DZ55 -> 15 | EG55: 3 | EH55: TN21SDA894033 | EI55: CDT | EJ55: DHAMODHARAN A | FA55: =COUNT(EK55:ER55) -> 0 | FB55: =FA55*2 -> 0 | FC55: =FA55/4*100 -> 0 | FD55: =FA55*50 -> 0 | FF55: =IF(FC55<=40,0,IF(FC55<=60,5,IF(FC55>=61,10))) -> 0 | FH55: =EB55+FD55 -> 550 | FJ55: =ED55+FF55 -> 15 | FN55: =EN55/3 -> 0 | FO55: =FN55/35*100 -> 0
A56: 4 | B56: TN23SDA894034 | C56: CDT | D56: GNANAJAYAM G J | E56: A | F56: A | G56: A | H56: A | I56: =COUNT(E56:H56) -> 0 | J56: =I56*2 -> 0 | K56: =I56/4*100 -> 0 | L56: =I56*50 -> 0 | N56: =IF(K56<=40,0,IF(K56<=60,5,IF(K56>=61,10))) -> 0 | P56: =L56 -> 0 | R56: =N56 -> 0 | U56: 4 | V56: TN21SDA894034 | W56: CPL | X56: ELIYADURAI R | Y56: 12 | Z56: 15 | AA56: 18 | AB56: 21 | AC56: 24 | AD56: A | AE56: 27 | AF56: 30 | AG56: =COUNT(Y56:AF56) -> 7 | AH56: =AG56*2 -> 14 | AI56: =AG56/8*100 -> 87.5 | AJ56: =AG56*50 -> 350 | AL56: =IF(AI56<=40,0,IF(AI56<=60,5,IF(AI56>=61,10))) -> 10 | AN56: =P56+AJ56 -> 350 | AP56: =R56+AL56 -> 10 | AS56: 4 | AT56: TN21SDA894034 | AU56: CQMS | AV56: ELIYADURAI R | AW56: 33 | AX56: 36 | AY56: 39 | AZ56: 42 | BA56: 45 | BB56: 48 | BC56: 51 | BD56: 54 | BE56: =COUNT(AW56:BD56) -> 8 | BF56: =BE56*2 -> 16 | BG56: =BE56/6*100 -> 133.33333 | BH56: =BE56*50 -> 400 | BJ56: =IF(BG56<=40,0,IF(BG56<=60,5,IF(BG56>=61,10))) -> 10 | BL56: =AN56+BH56 -> 750 | BN56: =AP56+BJ56 -> 20 | BQ56: 4 | BR56: TN21SDA894034 | BS56: CPL | BT56: ELIYADURAI R | BU56: 57 | BV56: 60 | BW56: 63 | BX56: 66 | BY56: =COUNT(BU56:BX56) -> 4 | BZ56: =BY56*2 -> 8 | CA56: =BY56/4*100 -> 100 | CB56: =BY56*50 -> 200 | CD56: =IF(CA56<=40,0,IF(CA56<=60,5,IF(CA56>=61,10))) -> 10 | CF56: =BL56+CB56 -> 950 | CH56: =BN56+CD56 -> 30 | CK56: 4 | CL56: TN22SDA894034 | CM56: CPL | CN56: ELIYADURAI R | CW56: =COUNT(CO56:CV56) -> 0 | CX56: =CW56*2 -> 0 | CY56: =CW56/5*100 -> 0 | CZ56: =CW56*50 -> 0 | DB56: =IF(CY56<=40,0,IF(CY56<=60,5,IF(CY56>=61,10))) -> 0 | DD56: =CF56+CZ56 -> 950 | DF56: =CH56+DB56 -> 30 | DI56: 4 | DJ56: TN21SDA894034 | DK56: CPL | DL56: ELIYADURAI R | DU56: =COUNT(DM56:DT56) -> 0 | DV56: =DU56*2 -> 0 | DW56: =DU56/6*100 -> 0 | DX56: =DU56*50 -> 0 | DZ56: =IF(DW56<=40,0,IF(DW56<=60,5,IF(DW56>=61,10))) -> 0 | EB56: =DD56+DX56 -> 950 | ED56: =DF56+DZ56 -> 30 | EG56: 4 | EH56: TN21SDA894034 | EI56: CPL | EJ56: ELIYADURAI R | FA56: =COUNT(EK56:ER56) -> 0 | FB56: =FA56*2 -> 0 | FC56: =FA56/4*100 -> 0 | FD56: =FA56*50 -> 0 | FF56: =IF(FC56<=40,0,IF(FC56<=60,5,IF(FC56>=61,10))) -> 0 | FH56: =EB56+FD56 -> 950 | FJ56: =ED56+FF56 -> 30 | FN56: =EN56/3 -> 0 | FO56: =FN56/35*100 -> 0
A57: 5 | B57: TN23SDA894035 | C57: CDT | D57: GOWTHAM V R | E57: 3 | F57: 6 | G57: 9 | H57: 12 | I57: =COUNT(E57:H57) -> 4 | J57: =I57*2 -> 8 | K57: =I57/4*100 -> 100 | L57: =I57*50 -> 200 | N57: =IF(K57<=40,0,IF(K57<=60,5,IF(K57>=61,10))) -> 10 | P57: =L57 -> 200 | R57: =N57 -> 10 | U57: 5 | V57: TN21SDA894035 | W57: SGT | X57: HARIHARAN A | Y57: 15 | Z57: 18 | AA57: 21 | AB57: 24 | AC57: 27 | AD57: 30 | AE57: 33 | AF57: 36 | AG57: =COUNT(Y57:AF57) -> 8 | AH57: =AG57*2 -> 16 | AI57: =AG57/8*100 -> 100 | AJ57: =AG57*50 -> 400 | AL57: =IF(AI57<=40,0,IF(AI57<=60,5,IF(AI57>=61,10))) -> 10 | AN57: =P57+AJ57 -> 600 | AP57: =R57+AL57 -> 20 | AS57: 5 | AT57: TN21SDA894035 | AU57: SGT | AV57: HARIHARAN A | AW57: A | AX57: A | AY57: 39 | AZ57: A | BA57: A | BB57: A | BC57: 42 | BD57: 45 | BE57: =COUNT(AW57:BD57) -> 3 | BF57: =BE57*2 -> 6 | BG57: =BE57/6*100 -> 50 | BH57: =BE57*50 -> 150 | BJ57: =IF(BG57<=40,0,IF(BG57<=60,5,IF(BG57>=61,10))) -> 5 | BL57: =AN57+BH57 -> 750 | BN57: =AP57+BJ57 -> 25 | BQ57: 5 | BR57: TN21SDA894035 | BS57: SGT | BT57: HARIHARAN A | BU57: 48 | BV57: 51 | BW57: 54 | BX57: 57 | BY57: =COUNT(BU57:BX57) -> 4 | BZ57: =BY57*2 -> 8 | CA57: =BY57/4*100 -> 100 | CB57: =BY57*50 -> 200 | CD57: =IF(CA57<=40,0,IF(CA57<=60,5,IF(CA57>=61,10))) -> 10 | CF57: =BL57+CB57 -> 950 | CH57: =BN57+CD57 -> 35 | CK57: 5 | CL57: TN22SDA894035 | CM57: CPL | CN57: HARIHARAN A | CW57: =COUNT(CO57:CV57) -> 0 | CX57: =CW57*2 -> 0 | CY57: =CW57/5*100 -> 0 | CZ57: =CW57*50 -> 0 | DB57: =IF(CY57<=40,0,IF(CY57<=60,5,IF(CY57>=61,10))) -> 0 | DD57: =CF57+CZ57 -> 950 | DF57: =CH57+DB57 -> 35 | DI57: 5 | DJ57: TN21SDA894035 | DK57: CPL | DL57: HARIHARAN A | DU57: =COUNT(DM57:DT57) -> 0 | DV57: =DU57*2 -> 0 | DW57: =DU57/6*100 -> 0 | DX57: =DU57*50 -> 0 | DZ57: =IF(DW57<=40,0,IF(DW57<=60,5,IF(DW57>=61,10))) -> 0 | EB57: =DD57+DX57 -> 950 | ED57: =DF57+DZ57 -> 35 | EG57: 5 | EH57: TN21SDA894035 | EI57: CPL | EJ57: HARIHARAN A | FA57: =COUNT(EK57:ER57) -> 0 | FB57: =FA57*2 -> 0 | FC57: =FA57/4*100 -> 0 | FD57: =FA57*50 -> 0 | FF57: =IF(FC57<=40,0,IF(FC57<=60,5,IF(FC57>=61,10))) -> 0 | FH57: =EB57+FD57 -> 950 | FJ57: =ED57+FF57 -> 35 | FN57: =EN57/3 -> 0 | FO57: =FN57/35*100 -> 0
A58: 6 | B58: TN23SDA894036 | C58: CDT | D58: LENIN KUMAR V | E58: 3 | F58: 6 | G58: 9 | H58: A | I58: =COUNT(E58:H58) -> 3 | J58: =I58*2 -> 6 | K58: =I58/4*100 -> 75 | L58: =I58*50 -> 150 | N58: =IF(K58<=40,0,IF(K58<=60,5,IF(K58>=61,10))) -> 10 | P58: =L58 -> 150 | R58: =N58 -> 10 | U58: 6 | V58: TN21SDA894036 | W58: LCPL | X58: KAVIOVIYAN S | Y58: 12 | Z58: 15 | AA58: 18 | AB58: A | AC58: 21 | AD58: 24 | AE58: 27 | AF58: A | AG58: =COUNT(Y58:AF58) -> 6 | AH58: =AG58*2 -> 12 | AI58: =AG58/8*100 -> 75 | AJ58: =AG58*50 -> 300 | AL58: =IF(AI58<=40,0,IF(AI58<=60,5,IF(AI58>=61,10))) -> 10 | AN58: =P58+AJ58 -> 450 | AP58: =R58+AL58 -> 20 | AS58: 6 | AT58: TN21SDA894036 | AU58: LCPL | AV58: KAVIOVIYAN S | AW58: A | AX58: A | AY58: 30 | AZ58: 33 | BA58: 36 | BB58: 39 | BC58: A | BD58: 42 | BE58: =COUNT(AW58:BD58) -> 5 | BF58: =BE58*2 -> 10 | BG58: =BE58/6*100 -> 83.333333 | BH58: =BE58*50 -> 250 | BJ58: =IF(BG58<=40,0,IF(BG58<=60,5,IF(BG58>=61,10))) -> 10 | BL58: =AN58+BH58 -> 700 | BN58: =AP58+BJ58 -> 30 | BQ58: 6 | BR58: TN21SDA894036 | BS58: LCPL | BT58: KAVIOVIYAN S | BU58: 45 | BV58: A | BW58: 48 | BX58: 51 | BY58: =COUNT(BU58:BX58) -> 3 | BZ58: =BY58*2 -> 6 | CA58: =BY58/4*100 -> 75 | CB58: =BY58*50 -> 150 | CD58: =IF(CA58<=40,0,IF(CA58<=60,5,IF(CA58>=61,10))) -> 10 | CF58: =BL58+CB58 -> 850 | CH58: =BN58+CD58 -> 40 | CK58: 6 | CL58: TN22SDA894036 | CM58: CDT | CN58: KAVIOVIYAN S | CW58: =COUNT(CO58:CV58) -> 0 | CX58: =CW58*2 -> 0 | CY58: =CW58/5*100 -> 0 | CZ58: =CW58*50 -> 0 | DB58: =IF(CY58<=40,0,IF(CY58<=60,5,IF(CY58>=61,10))) -> 0 | DD58: =CF58+CZ58 -> 850 | DF58: =CH58+DB58 -> 40 | DI58: 6 | DJ58: TN21SDA894036 | DK58: CDT | DL58: KAVIOVIYAN S | DU58: =COUNT(DM58:DT58) -> 0 | DV58: =DU58*2 -> 0 | DW58: =DU58/6*100 -> 0 | DX58: =DU58*50 -> 0 | DZ58: =IF(DW58<=40,0,IF(DW58<=60,5,IF(DW58>=61,10))) -> 0 | EB58: =DD58+DX58 -> 850 | ED58: =DF58+DZ58 -> 40 | EG58: 6 | EH58: TN21SDA894036 | EI58: CDT | EJ58: KAVIOVIYAN S | FA58: =COUNT(EK58:ER58) -> 0 | FB58: =FA58*2 -> 0 | FC58: =FA58/4*100 -> 0 | FD58: =FA58*50 -> 0 | FF58: =IF(FC58<=40,0,IF(FC58<=60,5,IF(FC58>=61,10))) -> 0 | FH58: =EB58+FD58 -> 850 | FJ58: =ED58+FF58 -> 40 | FN58: =EN58/3 -> 0 | FO58: =FN58/35*100 -> 0
A59: 7 | B59: TN23SDA894037 | C59: CDT | D59: MATHAN | E59: 3 | F59: 6 | G59: 9 | H59: 12 | I59: =COUNT(E59:H59) -> 4 | J59: =I59*2 -> 8 | K59: =I59/4*100 -> 100 | L59: =I59*50 -> 200 | N59: =IF(K59<=40,0,IF(K59<=60,5,IF(K59>=61,10))) -> 10 | P59: =L59 -> 200 | R59: =N59 -> 10 | U59: 7 | V59: TN21SDA894037 | W59: CDT | X59: MANOHARAN K | Y59: A | Z59: A | AA59: 9 | AB59: A | AC59: A | AD59: 12 | AE59: A | AF59: 15 | AG59: =COUNT(Y59:AF59) -> 3 | AH59: =AG59*2 -> 6 | AI59: =AG59/8*100 -> 37.5 | AJ59: =AG59*50 -> 150 | AL59: =IF(AI59<=40,0,IF(AI59<=60,5,IF(AI59>=61,10))) -> 0 | AN59: =P59+AJ59 -> 350 | AP59: =R59+AL59 -> 10 | AS59: 7 | AT59: TN21SDA894037 | AU59: CDT | AV59: MANOHARAN K | AW59: A | AX59: A | AY59: 18 | AZ59: A | BA59: A | BB59: 21 | BC59: A | BD59: 24 | BE59: =COUNT(AW59:BD59) -> 3 | BF59: =BE59*2 -> 6 | BG59: =BE59/6*100 -> 50 | BH59: =BE59*50 -> 150 | BJ59: =IF(BG59<=40,0,IF(BG59<=60,5,IF(BG59>=61,10))) -> 5 | BL59: =AN59+BH59 -> 500 | BN59: =AP59+BJ59 -> 15 | BQ59: 7 | BR59: TN21SDA894037 | BS59: CDT | BT59: MANOHARAN K | BU59: A | BV59: 27 | BW59: A | BX59: 30 | BY59: =COUNT(BU59:BX59) -> 2 | BZ59: =BY59*2 -> 4 | CA59: =BY59/4*100 -> 50 | CB59: =BY59*50 -> 100 | CD59: =IF(CA59<=40,0,IF(CA59<=60,5,IF(CA59>=61,10))) -> 5 | CF59: =BL59+CB59 -> 600 | CH59: =BN59+CD59 -> 20 | CK59: 7 | CL59: TN22SDA894037 | CM59: CDT | CN59: MANOHARAN K | CW59: =COUNT(CO59:CV59) -> 0 | CX59: =CW59*2 -> 0 | CY59: =CW59/5*100 -> 0 | CZ59: =CW59*50 -> 0 | DB59: =IF(CY59<=40,0,IF(CY59<=60,5,IF(CY59>=61,10))) -> 0 | DD59: =CF59+CZ59 -> 600 | DF59: =CH59+DB59 -> 20 | DI59: 7 | DJ59: TN21SDA894037 | DK59: CDT | DL59: MANOHARAN K | DU59: =COUNT(DM59:DT59) -> 0 | DV59: =DU59*2 -> 0 | DW59: =DU59/6*100 -> 0 | DX59: =DU59*50 -> 0 | DZ59: =IF(DW59<=40,0,IF(DW59<=60,5,IF(DW59>=61,10))) -> 0 | EB59: =DD59+DX59 -> 600 | ED59: =DF59+DZ59 -> 20 | EG59: 7 | EH59: TN21SDA894037 | EI59: CDT | EJ59: MANOHARAN K | FA59: =COUNT(EK59:ER59) -> 0 | FB59: =FA59*2 -> 0 | FC59: =FA59/4*100 -> 0 | FD59: =FA59*50 -> 0 | FF59: =IF(FC59<=40,0,IF(FC59<=60,5,IF(FC59>=61,10))) -> 0 | FH59: =EB59+FD59 -> 600 | FJ59: =ED59+FF59 -> 20 | FN59: =EK59/3 -> 0 | FO59: =FN59/35*100 -> 0
A60: 8 | B60: TN23SDA894038 | C60: CDT | D60: MEGANATHAN V | E60: 3 | F60: 6 | G60: 9 | H60: 12 | I60: =COUNT(E60:H60) -> 4 | J60: =I60*2 -> 8 | K60: =I60/4*100 -> 100 | L60: =I60*50 -> 200 | N60: =IF(K60<=40,0,IF(K60<=60,5,IF(K60>=61,10))) -> 10 | P60: =L60 -> 200 | R60: =N60 -> 10 | U60: 8 | V60: TN21SDA894038 | W60: CPL | X60: MUTHU KUMAR S | Y60: 9 | Z60: A | AA60: A | AB60: A | AC60: 12 | AD60: 15 | AE60: 18 | AF60: A | AG60: =COUNT(Y60:AF60) -> 4 | AH60: =AG60*2 -> 8 | AI60: =AG60/8*100 -> 50 | AJ60: =AG60*50 -> 200 | AL60: =IF(AI60<=40,0,IF(AI60<=60,5,IF(AI60>=61,10))) -> 5 | AN60: =P60+AJ60 -> 400 | AP60: =R60+AL60 -> 15 | AS60: 8 | AT60: TN21SDA894038 | AU60: CPL | AV60: MUTHU KUMAR S | AW60: 21 | AX60: A | AY60: A | AZ60: 24 | BA60: 27 | BB60: A | BC60: 30 | BD60: A | BE60: =COUNT(AW60:BD60) -> 4 | BF60: =BE60*2 -> 8 | BG60: =BE60/6*100 -> 66.666667 | BH60: =BE60*50 -> 200 | BJ60: =IF(BG60<=40,0,IF(BG60<=60,5,IF(BG60>=61,10))) -> 10 | BL60: =AN60+BH60 -> 600 | BN60: =AP60+BJ60 -> 25 | BQ60: 8 | BR60: TN21SDA894038 | BS60: CPL | BT60: MUTHU KUMAR S | BU60: 33 | BV60: A | BW60: 36 | BX60: A | BY60: =COUNT(BU60:BX60) -> 2 | BZ60: =BY60*2 -> 4 | CA60: =BY60/4*100 -> 50 | CB60: =BY60*50 -> 100 | CD60: =IF(CA60<=40,0,IF(CA60<=60,5,IF(CA60>=61,10))) -> 5 | CF60: =BL60+CB60 -> 700 | CH60: =BN60+CD60 -> 30 | CK60: 8 | CL60: TN22SDA894038 | CM60: LCPL | CN60: MUTHU KUMAR S | CW60: =COUNT(CO60:CV60) -> 0 | CX60: =CW60*2 -> 0 | CY60: =CW60/5*100 -> 0 | CZ60: =CW60*50 -> 0 | DB60: =IF(CY60<=40,0,IF(CY60<=60,5,IF(CY60>=61,10))) -> 0 | DD60: =CF60+CZ60 -> 700 | DF60: =CH60+DB60 -> 30 | DI60: 8 | DJ60: TN21SDA894038 | DK60: LCPL | DL60: MUTHU KUMAR S | DU60: =COUNT(DM60:DT60) -> 0 | DV60: =DU60*2 -> 0 | DW60: =DU60/6*100 -> 0 | DX60: =DU60*50 -> 0 | DZ60: =IF(DW60<=40,0,IF(DW60<=60,5,IF(DW60>=61,10))) -> 0 | EB60: =DD60+DX60 -> 700 | ED60: =DF60+DZ60 -> 30 | EG60: 8 | EH60: TN21SDA894038 | EI60: LCPL | EJ60: MUTHU KUMAR S | FA60: =COUNT(EK60:ER60) -> 0 | FB60: =FA60*2 -> 0 | FC60: =FA60/4*100 -> 0 | FD60: =FA60*50 -> 0 | FF60: =IF(FC60<=40,0,IF(FC60<=60,5,IF(FC60>=61,10))) -> 0 | FH60: =EB60+FD60 -> 700 | FJ60: =ED60+FF60 -> 30 | FN60: =EN60/3 -> 0 | FO60: =FN60/35*100 -> 0
A61: 9 | B61: TN23SDA894039 | C61: CDT | D61: MOHAMMED YASIR M | E61: A | F61: 3 | G61: A | H61: A | I61: =COUNT(E61:H61) -> 1 | J61: =I61*2 -> 2 | K61: =I61/4*100 -> 25 | L61: =I61*50 -> 50 | N61: =IF(K61<=40,0,IF(K61<=60,5,IF(K61>=61,10))) -> 0 | P61: =L61 -> 50 | R61: =N61 -> 0 | U61: 9 | V61: TN21SDA894039 | W61: LCPL | X61: PANDIYAN S | Y61: A | Z61: 12 | AA61: 15 | AB61: 18 | AC61: 21 | AD61: 24 | AE61: 27 | AF61: A | AG61: =COUNT(Y61:AF61) -> 6 | AH61: =AG61*2 -> 12 | AI61: =AG61/8*100 -> 75 | AJ61: =AG61*50 -> 300 | AL61: =IF(AI61<=40,0,IF(AI61<=60,5,IF(AI61>=61,10))) -> 10 | AN61: =P61+AJ61 -> 350 | AP61: =R61+AL61 -> 10 | AS61: 9 | AT61: TN21SDA894039 | AU61: LCPL | AV61: PANDIYAN S | AW61: 30 | AX61: 33 | AY61: 36 | AZ61: A | BA61: 39 | BB61: 42 | BC61: 45 | BD61: A | BE61: =COUNT(AW61:BD61) -> 6 | BF61: =BE61*2 -> 12 | BG61: =BE61/6*100 -> 100 | BH61: =BE61*50 -> 300 | BJ61: =IF(BG61<=40,0,IF(BG61<=60,5,IF(BG61>=61,10))) -> 10 | BL61: =AN61+BH61 -> 650 | BN61: =AP61+BJ61 -> 20 | BQ61: 9 | BR61: TN21SDA894039 | BS61: LCPL | BT61: PANDIYAN S | BU61: A | BV61: 48 | BW61: A | BX61: 51 | BY61: =COUNT(BU61:BX61) -> 2 | BZ61: =BY61*2 -> 4 | CA61: =BY61/4*100 -> 50 | CB61: =BY61*50 -> 100 | CD61: =IF(CA61<=40,0,IF(CA61<=60,5,IF(CA61>=61,10))) -> 5 | CF61: =BL61+CB61 -> 750 | CH61: =BN61+CD61 -> 25 | CK61: 9 | CL61: TN22SDA894039 | CM61: CDT | CN61: PANDIYAN S | CW61: =COUNT(CO61:CV61) -> 0 | CX61: =CW61*2 -> 0 | CY61: =CW61/5*100 -> 0 | CZ61: =CW61*50 -> 0 | DB61: =IF(CY61<=40,0,IF(CY61<=60,5,IF(CY61>=61,10))) -> 0 | DD61: =CF61+CZ61 -> 750 | DF61: =CH61+DB61 -> 25 | DI61: 9 | DJ61: TN21SDA894039 | DK61: CDT | DL61: PANDIYAN S | DU61: =COUNT(DM61:DT61) -> 0 | DV61: =DU61*2 -> 0 | DW61: =DU61/6*100 -> 0 | DX61: =DU61*50 -> 0 | DZ61: =IF(DW61<=40,0,IF(DW61<=60,5,IF(DW61>=61,10))) -> 0 | EB61: =DD61+DX61 -> 750 | ED61: =DF61+DZ61 -> 25 | EG61: 9 | EH61: TN21SDA894039 | EI61: CDT | EJ61: PANDIYAN S | FA61: =COUNT(EK61:ER61) -> 0 | FB61: =FA61*2 -> 0 | FC61: =FA61/4*100 -> 0 | FD61: =FA61*50 -> 0 | FF61: =IF(FC61<=40,0,IF(FC61<=60,5,IF(FC61>=61,10))) -> 0 | FH61: =EB61+FD61 -> 750 | FJ61: =ED61+FF61 -> 25 | FN61: =EN61/3 -> 0 | FO61: =FN61/35*100 -> 0
A62: 10 | B62: TN23SDA894040 | C62: CDT | D62: PRAGADHEESH M | E62: 3 | F62: 6 | G62: 9 | H62: 12 | I62: =COUNT(E62:H62) -> 4 | J62: =I62*2 -> 8 | K62: =I62/4*100 -> 100 | L62: =I62*50 -> 200 | N62: =IF(K62<=40,0,IF(K62<=60,5,IF(K62>=61,10))) -> 10 | P62: =L62 -> 200 | R62: =N62 -> 10 | U62: 10 | V62: TN21SDA894040 | W62: CDT | X62: RAGUL P | Y62: 9 | Z62: A | AA62: A | AB62: A | AC62: 12 | AD62: A | AE62: A | AF62: 15 | AG62: =COUNT(Y62:AF62) -> 3 | AH62: =AG62*2 -> 6 | AI62: =AG62/8*100 -> 37.5 | AJ62: =AG62*50 -> 150 | AL62: =IF(AI62<=40,0,IF(AI62<=60,5,IF(AI62>=61,10))) -> 0 | AN62: =P62+AJ62 -> 350 | AP62: =R62+AL62 -> 10 | AS62: 10 | AT62: TN21SDA894040 | AU62: CDT | AV62: RAGUL P | AW62: 18 | AX62: 21 | AY62: 24 | AZ62: 27 | BA62: A | BB62: 30 | BC62: A | BD62: A | BE62: =COUNT(AW62:BD62) -> 5 | BF62: =BE62*2 -> 10 | BG62: =BE62/6*100 -> 83.333333 | BH62: =BE62*50 -> 250 | BJ62: =IF(BG62<=40,0,IF(BG62<=60,5,IF(BG62>=61,10))) -> 10 | BL62: =AN62+BH62 -> 600 | BN62: =AP62+BJ62 -> 20 | BQ62: 10 | BR62: TN21SDA894040 | BS62: CDT | BT62: RAGUL P | BU62: 33 | BV62: 36 | BW62: A | BX62: A | BY62: =COUNT(BU62:BX62) -> 2 | BZ62: =BY62*2 -> 4 | CA62: =BY62/4*100 -> 50 | CB62: =BY62*50 -> 100 | CD62: =IF(CA62<=40,0,IF(CA62<=60,5,IF(CA62>=61,10))) -> 5 | CF62: =BL62+CB62 -> 700 | CH62: =BN62+CD62 -> 25 | CK62: 10 | CL62: TN22SDA894040 | CM62: CDT | CN62: RAGUL P | CW62: =COUNT(CO62:CV62) -> 0 | CX62: =CW62*2 -> 0 | CY62: =CW62/5*100 -> 0 | CZ62: =CW62*50 -> 0 | DB62: =IF(CY62<=40,0,IF(CY62<=60,5,IF(CY62>=61,10))) -> 0 | DD62: =CF62+CZ62 -> 700 | DF62: =CH62+DB62 -> 25 | DI62: 10 | DJ62: TN21SDA894040 | DK62: CDT | DL62: RAGUL P | DU62: =COUNT(DM62:DT62) -> 0 | DV62: =DU62*2 -> 0 | DW62: =DU62/6*100 -> 0 | DX62: =DU62*50 -> 0 | DZ62: =IF(DW62<=40,0,IF(DW62<=60,5,IF(DW62>=61,10))) -> 0 | EB62: =DD62+DX62 -> 700 | ED62: =DF62+DZ62 -> 25 | EG62: 10 | EH62: TN21SDA894040 | EI62: CDT | EJ62: RAGUL P | FA62: =COUNT(EK62:ER62) -> 0 | FB62: =FA62*2 -> 0 | FC62: =FA62/4*100 -> 0 | FD62: =FA62*50 -> 0 | FF62: =IF(FC62<=40,0,IF(FC62<=60,5,IF(FC62>=61,10))) -> 0 | FH62: =EB62+FD62 -> 700 | FJ62: =ED62+FF62 -> 25 | FN62: =EL62/3 -> 0 | FO62: =FN62/35*100 -> 0
A63: 11 | B63: TN23SDA894041 | C63: CDT | D63: PRAVEENRAJ R | E63: 3 | F63: 6 | G63: 9 | H63: 12 | I63: =COUNT(E63:H63) -> 4 | J63: =I63*2 -> 8 | K63: =I63/4*100 -> 100 | L63: =I63*50 -> 200 | N63: =IF(K63<=40,0,IF(K63<=60,5,IF(K63>=61,10))) -> 10 | P63: =L63 -> 200 | R63: =N63 -> 10 | U63: 11 | V63: TN21SDA894041 | W63: LCPL | X63: SANJAY C | Y63: 12 | Z63: 15 | AA63: 18 | AB63: 21 | AC63: 24 | AD63: A | AE63: 27 | AF63: 30 | AG63: =COUNT(Y63:AF63) -> 7 | AH63: =AG63*2 -> 14 | AI63: =AG63/8*100 -> 87.5 | AJ63: =AG63*50 -> 350 | AL63: =IF(AI63<=40,0,IF(AI63<=60,5,IF(AI63>=61,10))) -> 10 | AN63: =P63+AJ63 -> 550 | AP63: =R63+AL63 -> 20 | AS63: 11 | AT63: TN21SDA894041 | AU63: LCPL | AV63: SANJAY C | AW63: 33 | AX63: 36 | AY63: 39 | AZ63: 42 | BA63: 45 | BB63: A | BC63: A | BD63: 48 | BE63: =COUNT(AW63:BD63) -> 6 | BF63: =BE63*2 -> 12 | BG63: =BE63/6*100 -> 100 | BH63: =BE63*50 -> 300 | BJ63: =IF(BG63<=40,0,IF(BG63<=60,5,IF(BG63>=61,10))) -> 10 | BL63: =AN63+BH63 -> 850 | BN63: =AP63+BJ63 -> 30 | BQ63: 11 | BR63: TN21SDA894041 | BS63: LCPL | BT63: SANJAY C | BU63: 51 | BV63: 54 | BW63: 57 | BX63: 60 | BY63: =COUNT(BU63:BX63) -> 4 | BZ63: =BY63*2 -> 8 | CA63: =BY63/4*100 -> 100 | CB63: =BY63*50 -> 200 | CD63: =IF(CA63<=40,0,IF(CA63<=60,5,IF(CA63>=61,10))) -> 10 | CF63: =BL63+CB63 -> 1050 | CH63: =BN63+CD63 -> 40 | CK63: 11 | CL63: TN22SDA894041 | CM63: CDT | CN63: SANJAY C | CW63: =COUNT(CO63:CV63) -> 0 | CX63: =CW63*2 -> 0 | CY63: =CW63/5*100 -> 0 | CZ63: =CW63*50 -> 0 | DB63: =IF(CY63<=40,0,IF(CY63<=60,5,IF(CY63>=61,10))) -> 0 | DD63: =CF63+CZ63 -> 1050 | DF63: =CH63+DB63 -> 40 | DI63: 11 | DJ63: TN21SDA894041 | DK63: CDT | DL63: SANJAY C | DU63: =COUNT(DM63:DT63) -> 0 | DV63: =DU63*2 -> 0 | DW63: =DU63/6*100 -> 0 | DX63: =DU63*50 -> 0 | DZ63: =IF(DW63<=40,0,IF(DW63<=60,5,IF(DW63>=61,10))) -> 0 | EB63: =DD63+DX63 -> 1050 | ED63: =DF63+DZ63 -> 40 | EG63: 11 | EH63: TN21SDA894041 | EI63: CDT | EJ63: SANJAY C | FA63: =COUNT(EK63:ER63) -> 0 | FB63: =FA63*2 -> 0 | FC63: =FA63/4*100 -> 0 | FD63: =FA63*50 -> 0 | FF63: =IF(FC63<=40,0,IF(FC63<=60,5,IF(FC63>=61,10))) -> 0 | FH63: =EB63+FD63 -> 1050 | FJ63: =ED63+FF63 -> 40 | FN63: =EN63/3 -> 0 | FO63: =FN63/35*100 -> 0
A64: 12 | B64: TN23SDA894042 | C64: CDT | D64: SIVARATHINAM P | E64: A | F64: A | G64: A | H64: A | I64: =COUNT(E64:H64) -> 0 | J64: =I64*2 -> 0 | K64: =I64/4*100 -> 0 | L64: =I64*50 -> 0 | N64: =IF(K64<=40,0,IF(K64<=60,5,IF(K64>=61,10))) -> 0 | P64: =L64 -> 0 | R64: =N64 -> 0 | U64: 12 | V64: TN21SDA894042 | W64: CDT | X64: VIGNESH D | Y64: 6 | Z64: 9 | AA64: A | AB64: 12 | AC64: A | AD64: A | AE64: A | AF64: 15 | AG64: =COUNT(Y64:AF64) -> 4 | AH64: =AG64*2 -> 8 | AI64: =AG64/8*100 -> 50 | AJ64: =AG64*50 -> 200 | AL64: =IF(AI64<=40,0,IF(AI64<=60,5,IF(AI64>=61,10))) -> 5 | AN64: =P64+AJ64 -> 200 | AP64: =R64+AL64 -> 5 | AS64: 12 | AT64: TN21SDA894042 | AU64: CDT | AV64: VIGNESH D | AW64: A | AX64: A | AY64: 18 | AZ64: 21 | BA64: A | BB64: A | BC64: 24 | BD64: 27 | BE64: =COUNT(AW64:BD64) -> 4 | BF64: =BE64*2 -> 8 | BG64: =BE64/6*100 -> 66.666667 | BH64: =BE64*50 -> 200 | BJ64: =IF(BG64<=40,0,IF(BG64<=60,5,IF(BG64>=61,10))) -> 10 | BL64: =AN64+BH64 -> 400 | BN64: =AP64+BJ64 -> 15 | BQ64: 12 | BR64: TN21SDA894042 | BS64: CDT | BT64: VIGNESH D | BU64: A | BV64: A | BW64: A | BX64: A | BY64: =COUNT(BU64:BX64) -> 0 | BZ64: =BY64*2 -> 0 | CA64: =BY64/4*100 -> 0 | CB64: =BY64*50 -> 0 | CD64: =IF(CA64<=40,0,IF(CA64<=60,5,IF(CA64>=61,10))) -> 0 | CF64: =BL64+CB64 -> 400 | CH64: =BN64+CD64 -> 15 | CK64: 12 | CL64: TN22SDA894042 | CM64: LCPL | CN64: VIGNESH D | CW64: =COUNT(CO64:CV64) -> 0 | CX64: =CW64*2 -> 0 | CY64: =CW64/5*100 -> 0 | CZ64: =CW64*50 -> 0 | DB64: =IF(CY64<=40,0,IF(CY64<=60,5,IF(CY64>=61,10))) -> 0 | DD64: =CF64+CZ64 -> 400 | DF64: =CH64+DB64 -> 15 | DI64: 12 | DJ64: TN21SDA894042 | DK64: LCPL | DL64: VIGNESH D | DU64: =COUNT(DM64:DT64) -> 0 | DV64: =DU64*2 -> 0 | DW64: =DU64/6*100 -> 0 | DX64: =DU64*50 -> 0 | DZ64: =IF(DW64<=40,0,IF(DW64<=60,5,IF(DW64>=61,10))) -> 0 | EB64: =DD64+DX64 -> 400 | ED64: =DF64+DZ64 -> 15 | EG64: 12 | EH64: TN21SDA894042 | EI64: LCPL | EJ64: VIGNESH D | FA64: =COUNT(EK64:ER64) -> 0 | FB64: =FA64*2 -> 0 | FC64: =FA64/4*100 -> 0 | FD64: =FA64*50 -> 0 | FF64: =IF(FC64<=40,0,IF(FC64<=60,5,IF(FC64>=61,10))) -> 0 | FH64: =EB64+FD64 -> 400 | FJ64: =ED64+FF64 -> 15 | FN64: =EM64/3 -> 0 | FO64: =FN64/35*100 -> 0
A65: 13 | B65: TN23SDA894043 | C65: CDT | D65: SIVA PRADEEP S | E65: 3 | F65: A | G65: 6 | H65: 12 | I65: =COUNT(E65:H65) -> 3 | J65: =I65*2 -> 6 | K65: =I65/4*100 -> 75 | L65: =I65*50 -> 150 | N65: =IF(K65<=40,0,IF(K65<=60,5,IF(K65>=61,10))) -> 10 | P65: =L65 -> 150 | R65: =N65 -> 10 | U65: 13 | V65: TN21SDA894043 | W65: SGT | X65: VIMAL S | Y65: 15 | Z65: 18 | AA65: 21 | AB65: 24 | AC65: 27 | AD65: 30 | AE65: 33 | AF65: 36 | AG65: =COUNT(Y65:AF65) -> 8 | AH65: =AG65*2 -> 16 | AI65: =AG65/8*100 -> 100 | AJ65: =AG65*50 -> 400 | AL65: =IF(AI65<=40,0,IF(AI65<=60,5,IF(AI65>=61,10))) -> 10 | AN65: =P65+AJ65 -> 550 | AP65: =R65+AL65 -> 20 | AS65: 13 | AT65: TN21SDA894043 | AU65: SGT | AV65: VIMAL S | AW65: A | AX65: A | AY65: 39 | AZ65: A | BA65: A | BB65: A | BC65: 42 | BD65: 45 | BE65: =COUNT(AW65:BD65) -> 3 | BF65: =BE65*2 -> 6 | BG65: =BE65/6*100 -> 50 | BH65: =BE65*50 -> 150 | BJ65: =IF(BG65<=40,0,IF(BG65<=60,5,IF(BG65>=61,10))) -> 5 | BL65: =AN65+BH65 -> 700 | BN65: =AP65+BJ65 -> 25 | BQ65: 13 | BR65: TN21SDA894043 | BS65: SGT | BT65: VIMAL S | BU65: 48 | BV65: 51 | BW65: 54 | BX65: 57 | BY65: =COUNT(BU65:BX65) -> 4 | BZ65: =BY65*2 -> 8 | CA65: =BY65/4*100 -> 100 | CB65: =BY65*50 -> 200 | CD65: =IF(CA65<=40,0,IF(CA65<=60,5,IF(CA65>=61,10))) -> 10 | CF65: =BL65+CB65 -> 900 | CH65: =BN65+CD65 -> 35 | CK65: 13 | CL65: TN22SDA894043 | CM65: CPL | CN65: VIMAL S | CW65: =COUNT(CO65:CV65) -> 0 | CX65: =CW65*2 -> 0 | CY65: =CW65/5*100 -> 0 | CZ65: =CW65*50 -> 0 | DB65: =IF(CY65<=40,0,IF(CY65<=60,5,IF(CY65>=61,10))) -> 0 | DD65: =CF65+CZ65 -> 900 | DF65: =CH65+DB65 -> 35 | DI65: 13 | DJ65: TN21SDA894043 | DK65: CPL | DL65: VIMAL S | DU65: =COUNT(DM65:DT65) -> 0 | DV65: =DU65*2 -> 0 | DW65: =DU65/6*100 -> 0 | DX65: =DU65*50 -> 0 | DZ65: =IF(DW65<=40,0,IF(DW65<=60,5,IF(DW65>=61,10))) -> 0 | EB65: =DD65+DX65 -> 900 | ED65: =DF65+DZ65 -> 35 | EG65: 13 | EH65: TN21SDA894043 | EI65: CPL | EJ65: VIMAL S | FA65: =COUNT(EK65:ER65) -> 0 | FB65: =FA65*2 -> 0 | FC65: =FA65/4*100 -> 0 | FD65: =FA65*50 -> 0 | FF65: =IF(FC65<=40,0,IF(FC65<=60,5,IF(FC65>=61,10))) -> 0 | FH65: =EB65+FD65 -> 900 | FJ65: =ED65+FF65 -> 35 | FN65: =EN65/3 -> 0 | FO65: =FN65/35*100 -> 0
A66: 14 | B66: TN23SDA894044 | C66: CDT | D66: SUDHARSAN S | E66: 3 | F66: 6 | G66: 9 | H66: 12 | I66: =COUNT(E66:H66) -> 4 | J66: =I66*2 -> 8 | K66: =I66/4*100 -> 100 | L66: =I66*50 -> 200 | N66: =IF(K66<=40,0,IF(K66<=60,5,IF(K66>=61,10))) -> 10 | P66: =L66 -> 200 | R66: =N66 -> 10 | U66: 14 | V66: TN21SDA894044 | W66: LCPL | X66: VISHNU R | Y66: 15 | Z66: 18 | AA66: A | AB66: 21 | AC66: 24 | AD66: 27 | AE66: 30 | AF66: 33 | AG66: =COUNT(Y66:AF66) -> 7 | AH66: =AG66*2 -> 14 | AI66: =AG66/8*100 -> 87.5 | AJ66: =AG66*50 -> 350 | AL66: =IF(AI66<=40,0,IF(AI66<=60,5,IF(AI66>=61,10))) -> 10 | AN66: =P66+AJ66 -> 550 | AP66: =R66+AL66 -> 20 | AS66: 14 | AT66: TN21SDA894044 | AU66: LCPL | AV66: VISHNU R | AW66: 36 | AX66: 39 | AY66: A | AZ66: A | BA66: 42 | BB66: 45 | BC66: 48 | BD66: 51 | BE66: =COUNT(AW66:BD66) -> 6 | BF66: =BE66*2 -> 12 | BG66: =BE66/6*100 -> 100 | BH66: =BE66*50 -> 300 | BJ66: =IF(BG66<=40,0,IF(BG66<=60,5,IF(BG66>=61,10))) -> 10 | BL66: =AN66+BH66 -> 850 | BN66: =AP66+BJ66 -> 30 | BQ66: 14 | BR66: TN21SDA894044 | BS66: LCPL | BT66: VISHNU R | BU66: 54 | BV66: 57 | BW66: 60 | BX66: 63 | BY66: =COUNT(BU66:BX66) -> 4 | BZ66: =BY66*2 -> 8 | CA66: =BY66/4*100 -> 100 | CB66: =BY66*50 -> 200 | CD66: =IF(CA66<=40,0,IF(CA66<=60,5,IF(CA66>=61,10))) -> 10 | CF66: =BL66+CB66 -> 1050 | CH66: =BN66+CD66 -> 40 | CK66: 14 | CL66: TN22SDA894044 | CM66: CDT | CN66: VISHNU R | CW66: =COUNT(CO66:CV66) -> 0 | CX66: =CW66*2 -> 0 | CY66: =CW66/5*100 -> 0 | CZ66: =CW66*50 -> 0 | DB66: =IF(CY66<=40,0,IF(CY66<=60,5,IF(CY66>=61,10))) -> 0 | DD66: =CF66+CZ66 -> 1050 | DF66: =CH66+DB66 -> 40 | DI66: 14 | DJ66: TN21SDA894044 | DK66: CDT | DL66: VISHNU R | DU66: =COUNT(DM66:DT66) -> 0 | DV66: =DU66*2 -> 0 | DW66: =DU66/6*100 -> 0 | DX66: =DU66*50 -> 0 | DZ66: =IF(DW66<=40,0,IF(DW66<=60,5,IF(DW66>=61,10))) -> 0 | EB66: =DD66+DX66 -> 1050 | ED66: =DF66+DZ66 -> 40 | EG66: 14 | EH66: TN21SDA894044 | EI66: CDT | EJ66: VISHNU R | FA66: =COUNT(EK66:ER66) -> 0 | FB66: =FA66*2 -> 0 | FC66: =FA66/4*100 -> 0 | FD66: =FA66*50 -> 0 | FF66: =IF(FC66<=40,0,IF(FC66<=60,5,IF(FC66>=61,10))) -> 0 | FH66: =EB66+FD66 -> 1050 | FJ66: =ED66+FF66 -> 40 | FN66: =EN66/3 -> 0 | FO66: =FN66/35*100 -> 0
A67: 15 | B67: TN23SDA894045 | C67: CDT | D67: THIRUMARAN R | E67: 3 | F67: A | G67: 6 | H67: 9 | I67: =COUNT(E67:H67) -> 3 | J67: =I67*2 -> 6 | K67: =I67/4*100 -> 75 | L67: =I67*50 -> 150 | N67: =IF(K67<=40,0,IF(K67<=60,5,IF(K67>=61,10))) -> 10 | P67: =L67 -> 150 | R67: =N67 -> 10 | U67: 15 | V67: TN21SWA894045 | W67: CDT | X67: AJEETHA C | Y67: A | Z67: A | AA67: 9 | AB67: A | AC67: 12 | AD67: A | AE67: 15 | AF67: A | AG67: =COUNT(Y67:AF67) -> 3 | AH67: =AG67*2 -> 6 | AI67: =AG67/8*100 -> 37.5 | AJ67: =AG67*50 -> 150 | AL67: =IF(AI67<=40,0,IF(AI67<=60,5,IF(AI67>=61,10))) -> 0 | AN67: =P67+AJ67 -> 300 | AP67: =R67+AL67 -> 10 | AS67: 15 | AT67: TN21SWA894045 | AU67: CDT | AV67: AJEETHA C | AW67: A | AX67: A | AY67: 18 | AZ67: A | BA67: A | BB67: 21 | BC67: A | BD67: A | BE67: =COUNT(AW67:BD67) -> 2 | BF67: =BE67*2 -> 4 | BG67: =BE67/6*100 -> 33.333333 | BH67: =BE67*50 -> 100 | BJ67: =IF(BG67<=40,0,IF(BG67<=60,5,IF(BG67>=61,10))) -> 0 | BL67: =AN67+BH67 -> 400 | BN67: =AP67+BJ67 -> 10 | BQ67: 15 | BR67: TN21SWA894045 | BS67: CDT | BT67: AJEETHA C | BU67: 24 | BV67: A | BW67: 27 | BX67: 30 | BY67: =COUNT(BU67:BX67) -> 3 | BZ67: =BY67*2 -> 6 | CA67: =BY67/4*100 -> 75 | CB67: =BY67*50 -> 150 | CD67: =IF(CA67<=40,0,IF(CA67<=60,5,IF(CA67>=61,10))) -> 10 | CF67: =BL67+CB67 -> 550 | CH67: =BN67+CD67 -> 20 | CK67: 15 | CL67: TN22SWA894045 | CM67: CDT | CN67: AJEETHA C | CW67: =COUNT(CO67:CV67) -> 0 | CX67: =CW67*2 -> 0 | CY67: =CW67/5*100 -> 0 | CZ67: =CW67*50 -> 0 | DB67: =IF(CY67<=40,0,IF(CY67<=60,5,IF(CY67>=61,10))) -> 0 | DD67: =CF67+CZ67 -> 550 | DF67: =CH67+DB67 -> 20 | DI67: 15 | DJ67: TN21SWA894045 | DK67: CDT | DL67: AJEETHA C | DU67: =COUNT(DM67:DT67) -> 0 | DV67: =DU67*2 -> 0 | DW67: =DU67/6*100 -> 0 | DX67: =DU67*50 -> 0 | DZ67: =IF(DW67<=40,0,IF(DW67<=60,5,IF(DW67>=61,10))) -> 0 | EB67: =DD67+DX67 -> 550 | ED67: =DF67+DZ67 -> 20 | EG67: 15 | EH67: TN21SWA894045 | EI67: CDT | EJ67: AJEETHA C | FA67: =COUNT(EK67:ER67) -> 0 | FB67: =FA67*2 -> 0 | FC67: =FA67/4*100 -> 0 | FD67: =FA67*50 -> 0 | FF67: =IF(FC67<=40,0,IF(FC67<=60,5,IF(FC67>=61,10))) -> 0 | FH67: =EB67+FD67 -> 550 | FJ67: =ED67+FF67 -> 20 | FN67: =EN67/3 -> 0 | FO67: =FN67/35*100 -> 0
A68: 16 | B68: TN23SWA894046 | C68: CDT | D68: ANANTHI S | E68: 3 | F68: 6 | G68: 9 | H68: 12 | I68: =COUNT(E68:H68) -> 4 | J68: =I68*2 -> 8 | K68: =I68/4*100 -> 100 | L68: =I68*50 -> 200 | N68: =IF(K68<=40,0,IF(K68<=60,5,IF(K68>=61,10))) -> 10 | P68: =L68 -> 200 | R68: =N68 -> 10 | U68: 16 | V68: TN21SWA894046 | W68: CMS | X68: BABYSRINITHI A | Y68: 15 | Z68: 18 | AA68: 21 | AB68: 24 | AC68: 27 | AD68: 30 | AE68: 33 | AF68: 36 | AG68: =COUNT(Y68:AF68) -> 8 | AH68: =AG68*2 -> 16 | AI68: =AG68/8*100 -> 100 | AJ68: =AG68*50 -> 400 | AL68: =IF(AI68<=40,0,IF(AI68<=60,5,IF(AI68>=61,10))) -> 10 | AN68: =P68+AJ68 -> 600 | AP68: =R68+AL68 -> 20 | AS68: 16 | AT68: TN21SWA894046 | AU68: CMS | AV68: BABYSRINITHI A | AW68: 39 | AX68: 42 | AY68: 45 | AZ68: 48 | BA68: 51 | BB68: 54 | BC68: 57 | BD68: 60 | BE68: =COUNT(AW68:BD68) -> 8 | BF68: =BE68*2 -> 16 | BG68: =BE68/6*100 -> 133.33333 | BH68: =BE68*50 -> 400 | BJ68: =IF(BG68<=40,0,IF(BG68<=60,5,IF(BG68>=61,10))) -> 10 | BL68: =AN68+BH68 -> 1000 | BN68: =AP68+BJ68 -> 30 | BQ68: 16 | BR68: TN21SWA894046 | BS68: CMS | BT68: BABYSRINITHI A | BU68: 63 | BV68: 66 | BW68: 69 | BX68: 72 | BY68: =COUNT(BU68:BX68) -> 4 | BZ68: =BY68*2 -> 8 | CA68: =BY68/4*100 -> 100 | CB68: =BY68*50 -> 200 | CD68: =IF(CA68<=40,0,IF(CA68<=60,5,IF(CA68>=61,10))) -> 10 | CF68: =BL68+CB68 -> 1200 | CH68: =BN68+CD68 -> 40 | CK68: 16 | CL68: TN22SWA894046 | CM68: LCPL | CN68: BABYSRINITHI A | CW68: =COUNT(CO68:CV68) -> 0 | CX68: =CW68*2 -> 0 | CY68: =CW68/5*100 -> 0 | CZ68: =CW68*50 -> 0 | DB68: =IF(CY68<=40,0,IF(CY68<=60,5,IF(CY68>=61,10))) -> 0 | DD68: =CF68+CZ68 -> 1200 | DF68: =CH68+DB68 -> 40 | DI68: 16 | DJ68: TN21SWA894046 | DK68: LCPL | DL68: BABYSRINITHI A | DU68: =COUNT(DM68:DT68) -> 0 | DV68: =DU68*2 -> 0 | DW68: =DU68/6*100 -> 0 | DX68: =DU68*50 -> 0 | DZ68: =IF(DW68<=40,0,IF(DW68<=60,5,IF(DW68>=61,10))) -> 0 | EB68: =DD68+DX68 -> 1200 | ED68: =DF68+DZ68 -> 40 | EG68: 16 | EH68: TN21SWA894046 | EI68: LCPL | EJ68: BABYSRINITHI A | FA68: =COUNT(EK68:ER68) -> 0 | FB68: =FA68*2 -> 0 | FC68: =FA68/4*100 -> 0 | FD68: =FA68*50 -> 0 | FF68: =IF(FC68<=40,0,IF(FC68<=60,5,IF(FC68>=61,10))) -> 0 | FH68: =EB68+FD68 -> 1200 | FJ68: =ED68+FF68 -> 40 | FN68: =EN68/3 -> 0 | FO68: =FN68/35*100 -> 0
A69: 17 | B69: TN23SWA894047 | C69: CDT | D69: ANUJA M | E69: 3 | F69: 6 | G69: 9 | H69: 12 | I69: =COUNT(E69:H69) -> 4 | J69: =I69*2 -> 8 | K69: =I69/4*100 -> 100 | L69: =I69*50 -> 200 | N69: =IF(K69<=40,0,IF(K69<=60,5,IF(K69>=61,10))) -> 10 | P69: =L69 -> 200 | R69: =N69 -> 10 | U69: 17 | V69: TN21SWA894047 | W69: CDT | X69: DEVADHARSHINI A | Y69: 6 | Z69: A | AA69: A | AB69: 9 | AC69: A | AD69: 12 | AE69: A | AF69: 15 | AG69: =COUNT(Y69:AF69) -> 4 | AH69: =AG69*2 -> 8 | AI69: =AG69/8*100 -> 50 | AJ69: =AG69*50 -> 200 | AL69: =IF(AI69<=40,0,IF(AI69<=60,5,IF(AI69>=61,10))) -> 5 | AN69: =P69+AJ69 -> 400 | AP69: =R69+AL69 -> 15 | AS69: 17 | AT69: TN21SWA894047 | AU69: CDT | AV69: DEVADHARSHINI A | AW69: 18 | AX69: 21 | AY69: A | AZ69: 24 | BA69: 27 | BB69: 30 | BC69: A | BD69: 33 | BE69: =COUNT(AW69:BD69) -> 6 | BF69: =BE69*2 -> 12 | BG69: =BE69/6*100 -> 100 | BH69: =BE69*50 -> 300 | BJ69: =IF(BG69<=40,0,IF(BG69<=60,5,IF(BG69>=61,10))) -> 10 | BL69: =AN69+BH69 -> 700 | BN69: =AP69+BJ69 -> 25 | BQ69: 17 | BR69: TN21SWA894047 | BS69: CDT | BT69: DEVADHARSHINI A | BU69: A | BV69: 36 | BW69: 39 | BX69: 42 | BY69: =COUNT(BU69:BX69) -> 3 | BZ69: =BY69*2 -> 6 | CA69: =BY69/4*100 -> 75 | CB69: =BY69*50 -> 150 | CD69: =IF(CA69<=40,0,IF(CA69<=60,5,IF(CA69>=61,10))) -> 10 | CF69: =BL69+CB69 -> 850 | CH69: =BN69+CD69 -> 35 | CK69: 17 | CL69: TN22SWA894047 | CM69: CDT | CN69: DEVADHARSHINI A | CW69: =COUNT(CO69:CV69) -> 0 | CX69: =CW69*2 -> 0 | CY69: =CW69/5*100 -> 0 | CZ69: =CW69*50 -> 0 | DB69: =IF(CY69<=40,0,IF(CY69<=60,5,IF(CY69>=61,10))) -> 0 | DD69: =CF69+CZ69 -> 850 | DF69: =CH69+DB69 -> 35 | DI69: 17 | DJ69: TN21SWA894047 | DK69: CDT | DL69: DEVADHARSHINI A | DU69: =COUNT(DM69:DT69) -> 0 | DV69: =DU69*2 -> 0 | DW69: =DU69/6*100 -> 0 | DX69: =DU69*50 -> 0 | DZ69: =IF(DW69<=40,0,IF(DW69<=60,5,IF(DW69>=61,10))) -> 0 | EB69: =DD69+DX69 -> 850 | ED69: =DF69+DZ69 -> 35 | EG69: 17 | EH69: TN21SWA894047 | EI69: CDT | EJ69: DEVADHARSHINI A | FA69: =COUNT(EK69:ER69) -> 0 | FB69: =FA69*2 -> 0 | FC69: =FA69/4*100 -> 0 | FD69: =FA69*50 -> 0 | FF69: =IF(FC69<=40,0,IF(FC69<=60,5,IF(FC69>=61,10))) -> 0 | FH69: =EB69+FD69 -> 850 | FJ69: =ED69+FF69 -> 35 | FN69: =EN69/3 -> 0 | FO69: =FN69/35*100 -> 0
A70: 18 | B70: TN23SWA894048 | C70: CDT | D70: DEEPIKA A | E70: 3 | F70: A | G70: A | H70: 6 | I70: =COUNT(E70:H70) -> 2 | J70: =I70*2 -> 4 | K70: =I70/4*100 -> 50 | L70: =I70*50 -> 100 | N70: =IF(K70<=40,0,IF(K70<=60,5,IF(K70>=61,10))) -> 5 | P70: =L70 -> 100 | R70: =N70 -> 5 | U70: 18 | V70: TN21SWA894048 | W70: SGT | X70: GOWRI A | Y70: 15 | Z70: 18 | AA70: 21 | AB70: 24 | AC70: 27 | AD70: 30 | AE70: 33 | AF70: 36 | AG70: =COUNT(Y70:AF70) -> 8 | AH70: =AG70*2 -> 16 | AI70: =AG70/8*100 -> 100 | AJ70: =AG70*50 -> 400 | AL70: =IF(AI70<=40,0,IF(AI70<=60,5,IF(AI70>=61,10))) -> 10 | AN70: =P70+AJ70 -> 500 | AP70: =R70+AL70 -> 15 | AS70: 18 | AT70: TN21SWA894048 | AU70: SGT | AV70: GOWRI A | AW70: 39 | AX70: 42 | AY70: 45 | AZ70: 48 | BA70: 51 | BB70: 54 | BC70: 57 | BD70: 60 | BE70: =COUNT(AW70:BD70) -> 8 | BF70: =BE70*2 -> 16 | BG70: =BE70/6*100 -> 133.33333 | BH70: =BE70*50 -> 400 | BJ70: =IF(BG70<=40,0,IF(BG70<=60,5,IF(BG70>=61,10))) -> 10 | BL70: =AN70+BH70 -> 900 | BN70: =AP70+BJ70 -> 25 | BQ70: 18 | BR70: TN21SWA894048 | BS70: SGT | BT70: GOWRI A | BU70: 63 | BV70: 66 | BW70: A | BX70: A | BY70: =COUNT(BU70:BX70) -> 2 | BZ70: =BY70*2 -> 4 | CA70: =BY70/4*100 -> 50 | CB70: =BY70*50 -> 100 | CD70: =IF(CA70<=40,0,IF(CA70<=60,5,IF(CA70>=61,10))) -> 5 | CF70: =BL70+CB70 -> 1000 | CH70: =BN70+CD70 -> 30 | CK70: 18 | CL70: TN22SWA894048 | CM70: SGT | CN70: GOWRI A | CW70: =COUNT(CO70:CV70) -> 0 | CX70: =CW70*2 -> 0 | CY70: =CW70/5*100 -> 0 | CZ70: =CW70*50 -> 0 | DB70: =IF(CY70<=40,0,IF(CY70<=60,5,IF(CY70>=61,10))) -> 0 | DD70: =CF70+CZ70 -> 1000 | DF70: =CH70+DB70 -> 30 | DI70: 18 | DJ70: TN21SWA894048 | DK70: SGT | DL70: GOWRI A | DU70: =COUNT(DM70:DT70) -> 0 | DV70: =DU70*2 -> 0 | DW70: =DU70/6*100 -> 0 | DX70: =DU70*50 -> 0 | DZ70: =IF(DW70<=40,0,IF(DW70<=60,5,IF(DW70>=61,10))) -> 0 | EB70: =DD70+DX70 -> 1000 | ED70: =DF70+DZ70 -> 30 | EG70: 18 | EH70: TN21SWA894048 | EI70: SGT | EJ70: GOWRI A | FA70: =COUNT(EK70:ER70) -> 0 | FB70: =FA70*2 -> 0 | FC70: =FA70/4*100 -> 0 | FD70: =FA70*50 -> 0 | FF70: =IF(FC70<=40,0,IF(FC70<=60,5,IF(FC70>=61,10))) -> 0 | FH70: =EB70+FD70 -> 1000 | FJ70: =ED70+FF70 -> 30 | FN70: =EM70/3 -> 0 | FO70: =FN70/35*100 -> 0
A71: 19 | B71: TN23SWA894049 | C71: CDT | D71: KANISHKA K | E71: 3 | F71: 6 | G71: 9 | H71: 12 | I71: =COUNT(E71:H71) -> 4 | J71: =I71*2 -> 8 | K71: =I71/4*100 -> 100 | L71: =I71*50 -> 200 | N71: =IF(K71<=40,0,IF(K71<=60,5,IF(K71>=61,10))) -> 10 | P71: =L71 -> 200 | R71: =N71 -> 10 | U71: 19 | V71: TN21SWA894049 | W71: LCPL | X71: SNEGA ABINAYA S | Y71: A | Z71: 9 | AA71: 12 | AB71: 15 | AC71: 18 | AD71: 21 | AE71: 24 | AF71: 27 | AG71: =COUNT(Y71:AF71) -> 7 | AH71: =AG71*2 -> 14 | AI71: =AG71/8*100 -> 87.5 | AJ71: =AG71*50 -> 350 | AL71: =IF(AI71<=40,0,IF(AI71<=60,5,IF(AI71>=61,10))) -> 10 | AN71: =P71+AJ71 -> 550 | AP71: =R71+AL71 -> 20 | AS71: 19 | AT71: TN21SWA894049 | AU71: LCPL | AV71: SNEGA ABINAYA S | AW71: 30 | AX71: 33 | AY71: A | AZ71: A | BA71: 36 | BB71: 39 | BC71: A | BD71: A | BE71: =COUNT(AW71:BD71) -> 4 | BF71: =BE71*2 -> 8 | BG71: =BE71/6*100 -> 66.666667 | BH71: =BE71*50 -> 200 | BJ71: =IF(BG71<=40,0,IF(BG71<=60,5,IF(BG71>=61,10))) -> 10 | BL71: =AN71+BH71 -> 750 | BN71: =AP71+BJ71 -> 30 | BQ71: 19 | BR71: TN21SWA894049 | BS71: LCPL | BT71: SNEGA ABINAYA S | BU71: 42 | BV71: 45 | BW71: 48 | BX71: 51 | BY71: =COUNT(BU71:BX71) -> 4 | BZ71: =BY71*2 -> 8 | CA71: =BY71/4*100 -> 100 | CB71: =BY71*50 -> 200 | CD71: =IF(CA71<=40,0,IF(CA71<=60,5,IF(CA71>=61,10))) -> 10 | CF71: =BL71+CB71 -> 950 | CH71: =BN71+CD71 -> 40 | CK71: 19 | CL71: TN22SWA894049 | CM71: CDT | CN71: SNEGA ABINAYA S | CW71: =COUNT(CO71:CV71) -> 0 | CX71: =CW71*2 -> 0 | CY71: =CW71/5*100 -> 0 | CZ71: =CW71*50 -> 0 | DB71: =IF(CY71<=40,0,IF(CY71<=60,5,IF(CY71>=61,10))) -> 0 | DD71: =CF71+CZ71 -> 950 | DF71: =CH71+DB71 -> 40 | DI71: 19 | DJ71: TN21SWA894049 | DK71: CDT | DL71: SNEGA ABINAYA S | DU71: =COUNT(DM71:DT71) -> 0 | DV71: =DU71*2 -> 0 | DW71: =DU71/6*100 -> 0 | DX71: =DU71*50 -> 0 | DZ71: =IF(DW71<=40,0,IF(DW71<=60,5,IF(DW71>=61,10))) -> 0 | EB71: =DD71+DX71 -> 950 | ED71: =DF71+DZ71 -> 40 | EG71: 19 | EH71: TN21SWA894049 | EI71: CDT | EJ71: SNEGA ABINAYA S | FA71: =COUNT(EK71:ER71) -> 0 | FB71: =FA71*2 -> 0 | FC71: =FA71/4*100 -> 0 | FD71: =FA71*50 -> 0 | FF71: =IF(FC71<=40,0,IF(FC71<=60,5,IF(FC71>=61,10))) -> 0 | FH71: =EB71+FD71 -> 950 | FJ71: =ED71+FF71 -> 40 | FN71: =EN71/3 -> 0 | FO71: =FN71/35*100 -> 0
A72: 20 | B72: TN23SWA894050 | C72: CDT | D72: SANTHIYA T | E72: 3 | F72: 6 | G72: 9 | H72: 12 | I72: =COUNT(E72:H72) -> 4 | J72: =I72*2 -> 8 | K72: =I72/4*100 -> 100 | L72: =I72*50 -> 200 | N72: =IF(K72<=40,0,IF(K72<=60,5,IF(K72>=61,10))) -> 10 | P72: =L72 -> 200 | R72: =N72 -> 10 | U72: 20 | V72: TN21SWA894050 | W72: CDT | X72: SUJI SHRI B | Y72: A | Z72: 9 | AA72: A | AB72: 12 | AC72: 15 | AD72: A | AE72: 18 | AF72: A | AG72: =COUNT(Y72:AF72) -> 4 | AH72: =AG72*2 -> 8 | AI72: =AG72/8*100 -> 50 | AJ72: =AG72*50 -> 200 | AL72: =IF(AI72<=40,0,IF(AI72<=60,5,IF(AI72>=61,10))) -> 5 | AN72: =P72+AJ72 -> 400 | AP72: =R72+AL72 -> 15 | AS72: 20 | AT72: TN21SWA894050 | AU72: CDT | AV72: SUJI SHRI B | AW72: 30 | AX72: 33 | AY72: A | AZ72: 36 | BA72: A | BB72: A | BC72: 39 | BD72: 42 | BE72: =COUNT(AW72:BD72) -> 5 | BF72: =BE72*2 -> 10 | BG72: =BE72/6*100 -> 83.333333 | BH72: =BE72*50 -> 250 | BJ72: =IF(BG72<=40,0,IF(BG72<=60,5,IF(BG72>=61,10))) -> 10 | BL72: =AN72+BH72 -> 650 | BN72: =AP72+BJ72 -> 25 | BQ72: 20 | BR72: TN21SWA894050 | BS72: CDT | BT72: SUJI SHRI B | BU72: A | BV72: A | BW72: A | BX72: A | BY72: =COUNT(BU72:BX72) -> 0 | BZ72: =BY72*2 -> 0 | CA72: =BY72/4*100 -> 0 | CB72: =BY72*50 -> 0 | CD72: =IF(CA72<=40,0,IF(CA72<=60,5,IF(CA72>=61,10))) -> 0 | CF72: =BL72+CB72 -> 650 | CH72: =BN72+CD72 -> 25 | CK72: 20 | CL72: TN22SWA894050 | CM72: CDT | CN72: SUJI SHRI B | CW72: =COUNT(CO72:CV72) -> 0 | CX72: =CW72*2 -> 0 | CY72: =CW72/5*100 -> 0 | CZ72: =CW72*50 -> 0 | DB72: =IF(CY72<=40,0,IF(CY72<=60,5,IF(CY72>=61,10))) -> 0 | DD72: =CF72+CZ72 -> 650 | DF72: =CH72+DB72 -> 25 | DI72: 20 | DJ72: TN21SWA894050 | DK72: CDT | DL72: SUJI SHRI B | DU72: =COUNT(DM72:DT72) -> 0 | DV72: =DU72*2 -> 0 | DW72: =DU72/6*100 -> 0 | DX72: =DU72*50 -> 0 | DZ72: =IF(DW72<=40,0,IF(DW72<=60,5,IF(DW72>=61,10))) -> 0 | EB72: =DD72+DX72 -> 650 | ED72: =DF72+DZ72 -> 25 | EG72: 20 | EH72: TN21SWA894050 | EI72: CDT | EJ72: SUJI SHRI B | FA72: =COUNT(EK72:ER72) -> 0 | FB72: =FA72*2 -> 0 | FC72: =FA72/4*100 -> 0 | FD72: =FA72*50 -> 0 | FF72: =IF(FC72<=40,0,IF(FC72<=60,5,IF(FC72>=61,10))) -> 0 | FH72: =EB72+FD72 -> 650 | FJ72: =ED72+FF72 -> 25 | FN72: =EN72/3 -> 0 | FO72: =FN72/35*100 -> 0
A73: 21 | B73: TN23SWA894051 | C73: CDT | D73: SUBHA SHREE S P | E73: 3 | F73: 6 | G73: A | H73: A | I73: =COUNT(E73:H73) -> 2 | J73: =I73*2 -> 4 | K73: =I73/4*100 -> 50 | L73: =I73*50 -> 100 | N73: =IF(K73<=40,0,IF(K73<=60,5,IF(K73>=61,10))) -> 5 | P73: =L73 -> 100 | R73: =N73 -> 5 | U73: 21 | V73: TN21SWA894051 | W73: LCPL | X73: VIJAYALALITHA R | Y73: 15 | Z73: A | AA73: 18 | AB73: A | AC73: A | AD73: 21 | AE73: A | AF73: 24 | AG73: =COUNT(Y73:AF73) -> 4 | AH73: =AG73*2 -> 8 | AI73: =AG73/8*100 -> 50 | AJ73: =AG73*50 -> 200 | AL73: =IF(AI73<=40,0,IF(AI73<=60,5,IF(AI73>=61,10))) -> 5 | AN73: =P73+AJ73 -> 300 | AP73: =R73+AL73 -> 10 | AS73: 21 | AT73: TN21SWA894051 | AU73: LCPL | AV73: VIJAYALALITHA R | AW73: A | AX73: A | AY73: 21 | AZ73: 24 | BA73: 27 | BB73: 30 | BC73: A | BD73: A | BE73: =COUNT(AW73:BD73) -> 4 | BF73: =BE73*2 -> 8 | BG73: =BE73/6*100 -> 66.666667 | BH73: =BE73*50 -> 200 | BJ73: =IF(BG73<=40,0,IF(BG73<=60,5,IF(BG73>=61,10))) -> 10 | BL73: =AN73+BH73 -> 500 | BN73: =AP73+BJ73 -> 20 | BQ73: 21 | BR73: TN21SWA894051 | BS73: LCPL | BT73: VIJAYALALITHA R | BU73: 33 | BV73: 36 | BW73: 39 | BX73: A | BY73: =COUNT(BU73:BX73) -> 3 | BZ73: =BY73*2 -> 6 | CA73: =BY73/4*100 -> 75 | CB73: =BY73*50 -> 150 | CD73: =IF(CA73<=40,0,IF(CA73<=60,5,IF(CA73>=61,10))) -> 10 | CF73: =BL73+CB73 -> 650 | CH73: =BN73+CD73 -> 30 | CK73: 21 | CL73: TN22SWA894051 | CM73: CDT | CN73: VIJAYALALITHA R | CW73: =COUNT(CO73:CV73) -> 0 | CX73: =CW73*2 -> 0 | CY73: =CW73/5*100 -> 0 | CZ73: =CW73*50 -> 0 | DB73: =IF(CY73<=40,0,IF(CY73<=60,5,IF(CY73>=61,10))) -> 0 | DD73: =CF73+CZ73 -> 650 | DF73: =CH73+DB73 -> 30 | DI73: 21 | DJ73: TN21SWA894051 | DK73: CDT | DL73: VIJAYALALITHA R | DU73: =COUNT(DM73:DT73) -> 0 | DV73: =DU73*2 -> 0 | DW73: =DU73/6*100 -> 0 | DX73: =DU73*50 -> 0 | DZ73: =IF(DW73<=40,0,IF(DW73<=60,5,IF(DW73>=61,10))) -> 0 | EB73: =DD73+DX73 -> 650 | ED73: =DF73+DZ73 -> 30 | EG73: 21 | EH73: TN21SWA894051 | EI73: CDT | EJ73: VIJAYALALITHA R | FA73: =COUNT(EK73:ER73) -> 0 | FB73: =FA73*2 -> 0 | FC73: =FA73/4*100 -> 0 | FD73: =FA73*50 -> 0 | FF73: =IF(FC73<=40,0,IF(FC73<=60,5,IF(FC73>=61,10))) -> 0 | FH73: =EB73+FD73 -> 650 | FJ73: =ED73+FF73 -> 30 | FN73: =EN73/3 -> 0 | FO73: =FN73/35*100 -> 0
A74: 22 | B74: TN23SWA894052 | C74: CDT | D74: SUWATHILAKSHMI G | E74: 3 | F74: 6 | G74: 9 | H74: 12 | I74: =COUNT(E74:H74) -> 4 | J74: =I74*2 -> 8 | K74: =I74/4*100 -> 100 | L74: =I74*50 -> 200 | N74: =IF(K74<=40,0,IF(K74<=60,5,IF(K74>=61,10))) -> 10 | P74: =L74 -> 200 | R74: =N74 -> 10 | U74: 22 | V74: TN21SWA894052 | W74: CPL | X74: VIJAYAPRIYA V | Y74: 15 | Z74: 18 | AA74: A | AB74: A | AC74: A | AD74: A | AE74: A | AF74: A | AG74: =COUNT(Y74:AF74) -> 2 | AH74: =AG74*2 -> 4 | AI74: =AG74/8*100 -> 25 | AJ74: =AG74*50 -> 100 | AL74: =IF(AI74<=40,0,IF(AI74<=60,5,IF(AI74>=61,10))) -> 0 | AN74: =P74+AJ74 -> 300 | AP74: =R74+AL74 -> 10 | AS74: 22 | AT74: TN21SWA894052 | AU74: CPL | AV74: VIJAYAPRIYA V | AW74: 21 | AX74: 24 | AY74: 27 | AZ74: 30 | BA74: 33 | BB74: 36 | BC74: 39 | BD74: 42 | BE74: =COUNT(AW74:BD74) -> 8 | BF74: =BE74*2 -> 16 | BG74: =BE74/6*100 -> 133.33333 | BH74: =BE74*50 -> 400 | BJ74: =IF(BG74<=40,0,IF(BG74<=60,5,IF(BG74>=61,10))) -> 10 | BL74: =AN74+BH74 -> 700 | BN74: =AP74+BJ74 -> 20 | BQ74: 22 | BR74: TN21SWA894052 | BS74: CPL | BT74: VIJAYAPRIYA V | BU74: 45 | BV74: 48 | BW74: 51 | BX74: 54 | BY74: =COUNT(BU74:BX74) -> 4 | BZ74: =BY74*2 -> 8 | CA74: =BY74/4*100 -> 100 | CB74: =BY74*50 -> 200 | CD74: =IF(CA74<=40,0,IF(CA74<=60,5,IF(CA74>=61,10))) -> 10 | CF74: =BL74+CB74 -> 900 | CH74: =BN74+CD74 -> 30 | CK74: 22 | CL74: TN22SWA894052 | CM74: LCPL | CN74: VIJAYAPRIYA V | CW74: =COUNT(CO74:CV74) -> 0 | CX74: =CW74*2 -> 0 | CY74: =CW74/5*100 -> 0 | CZ74: =CW74*50 -> 0 | DB74: =IF(CY74<=40,0,IF(CY74<=60,5,IF(CY74>=61,10))) -> 0 | DD74: =CF74+CZ74 -> 900 | DF74: =CH74+DB74 -> 30 | DI74: 22 | DJ74: TN21SWA894052 | DK74: LCPL | DL74: VIJAYAPRIYA V | DU74: =COUNT(DM74:DT74) -> 0 | DV74: =DU74*2 -> 0 | DW74: =DU74/6*100 -> 0 | DX74: =DU74*50 -> 0 | DZ74: =IF(DW74<=40,0,IF(DW74<=60,5,IF(DW74>=61,10))) -> 0 | EB74: =DD74+DX74 -> 900 | ED74: =DF74+DZ74 -> 30 | EG74: 22 | EH74: TN21SWA894052 | EI74: LCPL | EJ74: VIJAYAPRIYA V | FA74: =COUNT(EK74:ER74) -> 0 | FB74: =FA74*2 -> 0 | FC74: =FA74/4*100 -> 0 | FD74: =FA74*50 -> 0 | FF74: =IF(FC74<=40,0,IF(FC74<=60,5,IF(FC74>=61,10))) -> 0 | FH74: =EB74+FD74 -> 900 | FJ74: =ED74+FF74 -> 30 | FN74: =EN74/3 -> 0 | FO74: =FN74/35*100 -> 0
I75: =COUNT(E75:H75) -> 0 | J75: =I75*2 -> 0 | K75: =I75/4*100 -> 0 | L75: =I75*50 -> 0 | N75: =IF(K75<=40,0,IF(K75<=60,5,IF(K75>=61,10))) -> 0 | P75: =L75 -> 0 | R75: =N75 -> 0
E76: =COUNT(E53:E75) -> 18 | F76: =COUNT(F53:F75) -> 17 | G76: =COUNT(G53:G75) -> 17 | H76: =COUNT(H53:H75) -> 16 | Y76: =COUNT(Y53:Y74) -> 16 | Z76: =COUNT(Z53:Z75) -> 15 | AA76: =COUNT(AA53:AA75) -> 14 | AB76: =COUNT(AB53:AB75) -> 15 | AC76: =COUNT(AC53:AC75) -> 15 | AD76: =COUNT(AD53:AD75) -> 15 | AE76: =COUNT(AE53:AE75) -> 15 | AF76: =COUNT(AF53:AF75) -> 15 | AW76: =COUNT(AW53:AW75) -> 14 | AX76: =COUNT(AX53:AX75) -> 14 | AY76: =COUNT(AY53:AY75) -> 14 | AZ76: =COUNT(AZ53:AZ75) -> 14 | BA76: =COUNT(BA53:BA75) -> 14 | BB76: =COUNT(BB53:BB75) -> 15 | BC76: =COUNT(BC53:BC75) -> 14 | BD76: =COUNT(BD53:BD75) -> 14 | BU76: =COUNT(BU53:BU75) -> 16 | BV76: =COUNT(BV53:BV75) -> 16 | BW76: =COUNT(BW53:BW75) -> 15 | BX76: =COUNT(BX53:BX75) -> 14 | CO76: =COUNT(CO53:CO75) -> 0 | CP76: =COUNT(CP53:CP75) -> 0 | CQ76: =COUNT(CQ53:CQ75) -> 0 | CR76: =COUNT(CR53:CR75) -> 0 | CS76: =COUNT(CS53:CS75) -> 0 | DM76: =COUNT(DM53:DM75) -> 0 | DN76: =COUNT(DN53:DN75) -> 0 | DO76: =COUNT(DO53:DO75) -> 0 | DP76: =COUNT(DP53:DP75) -> 0 | DQ76: =COUNT(DQ53:DQ75) -> 0 | DR76: =COUNT(DR53:DR75) -> 0 | DS76: =COUNT(DS53:DS75) -> 0 | EK76: =COUNT(EK53:EK74) -> 0 | EL76: =COUNT(EL53:EL74) -> 0 | EM76: =COUNT(EM53:EM74) -> 0 | EN76: =COUNT(EN53:EN74) -> 0 | FR76: =SUM(FH35,FH77) -> 33150
E77: =E76*50 -> 900 | F77: =F76*50 -> 850 | G77: =G76*50 -> 850 | H77: =H76*50 -> 800 | Y77: =Y76*50 -> 800 | Z77: =Z76*50 -> 750 | AA77: =AA76*50 -> 700 | AB77: =AB76*50 -> 750 | AC77: =AC76*50 -> 750 | AD77: =AD76*50 -> 750 | AE77: =AE76*50 -> 750 | AF77: =AF76*50 -> 750 | AW77: =AW76*50 -> 700 | AX77: =AX76*50 -> 700 | AY77: =AY76*50 -> 700 | AZ77: =AZ76*50 -> 700 | BA77: =BA76*50 -> 700 | BB77: =BB76*50 -> 750 | BC77: =BC76*50 -> 700 | BD77: =BD76*50 -> 700 | BU77: =BU76*20 -> 320 | BV77: =BV76*20 -> 320 | BW77: =BW76*20 -> 300 | BX77: =BX76*20 -> 280 | CO77: =CO76*50 -> 0 | CP77: =CP76*50 -> 0 | CQ77: =CQ76*50 -> 0 | CR77: =CR76*50 -> 0 | CS77: =CS76*50 -> 0 | DM77: =DM76*50 -> 0 | DN77: =DN76*50 -> 0 | DO77: =DO76*50 -> 0 | DP77: =DP76*50 -> 0 | DQ77: =DQ76*50 -> 0 | DR77: =DR76*50 -> 0 | DS77: =DS76*20 -> 0 | EK77: =EK76*50 -> 0 | EL77: =EL76*50 -> 0 | EM77: =EM76*50 -> 0 | EN77: =EN76*50 -> 0 | FH77: =SUM(FH53:FH74) -> 18100 | FN77: Wash Allw | FO77: =SUM(FJ53:FJ75) -> 670 | FR77: \
D79: =SUM(H79+G37) -> 129 | H79: =SUM(E76:H76) -> 68 | X79: =SUM(AF79+AF37) -> 243 | AF79: =SUM(Y76:AF76) -> 120 | AV79: =SUM(BB79+BD37) -> 230 | BB79: =SUM(AW76:BD76) -> 113 | BT79: =SUM(BW79+BW37) -> 120 | BW79: =SUM(BU76:BX76) -> 61
D80: =D79*50 -> 6450 | H80: =H79*50 -> 3400 | X80: =X79*50 -> 12150 | AF80: =AF79*50 -> 6000 | AV80: =AV79*50 -> 11500 | BB80: =BB79*50 -> 5650 | BT80: =BT79*50 -> 6000 | BW80: =BW79*50 -> 3050

Sheet Sheet1
H1: 4 (TN) Comp Tech Coy NCC,Annamalainagar | O1: 4 (TN) Comp Tech Coy NCC,Annamalainagar | V1: 4 (TN) Comp Tech Coy NCC,Annamalainagar
A2: BILL FOR SUPPLY OF REFERESHMENTS TO THE NCC SD CADETS | H2: BILL FOR SUPPLY OF REFERESHMENTS TO THE NCC SD CADETS | O2: BILL FOR SUPPLY OF REFERESHMENTS TO THE NCC SD CADETS | V2: BILL FOR SUPPLY OF REFERESHMENTS TO THE NCC SD CADETS
A3: OF FEAT (Engg) | D3: FOR THE MONTH OF : AUGUEST 2018 | H3: OF FEAT (Engg) | K3: FOR THE MONTH OF : SEPTEMBER 2018 | O3: OF FEAT (Engg) | R3: FOR THE MONTH OF : OCTOBER 2018 | V3: OF FEAT (Engg) | Y3: FOR THE MONTH OF : NOVEMBER 2018
A5: SL. No. | B5: DATE ON WHICH REFRESHMENTS SUPPLIED | C5: NO OF CADETS SERVED | D5: ITEM OF REFRESHMENTS SUPPLIED | E5: QUANTITY | F5: RATE PER ITEM | G5: AMOUNT | H5: SL. No. | I5: DATE ON WHICH REFRESHMENTS SUPPLIED | J5: NO OF CADETS SERVED | K5: ITEM OF REFRESHMENTS SUPPLIED | L5: QUANTITY | M5: RATE PER ITEM | N5: AMOUNT | O5: SL. No. | P5: DATE ON WHICH REFRESHMENTS SUPPLIED | Q5: NO OF CADETS SERVED | R5: ITEM OF REFRESHMENTS SUPPLIED | S5: QUANTITY | T5: RATE PER ITEM | U5: AMOUNT | V5: SL. No. | W5: DATE ON WHICH REFRESHMENTS SUPPLIED | X5: NO OF CADETS SERVED | Y5: ITEM OF REFRESHMENTS SUPPLIED | Z5: QUANTITY | AA5: RATE PER ITEM | AB5: AMOUNT
A6: 1 | G6: =C6*50 -> 0 | H6: 1 | N6: =J6*50 -> 0 | O6: 1 | U6: =Q6*50 -> 0 | AB6: =X6*20 -> 0
A8: 2 | G8: =C8*50 -> 0 | H8: 2 | N8: =J8*50 -> 0 | O8: 2 | U8: =Q8*50 -> 0 | AB8: =X8*20 -> 0
A10: 3 | G10: =C10*50 -> 0 | H10: 3 | N10: =J10*50 -> 0 | O10: 3 | U10: =Q10*50 -> 0 | AB10: =X10*20 -> 0
A12: 4 | G12: =C12*50 -> 0 | H12: 4 | N12: =J12*50 -> 0 | O12: 4 | U12: =Q12*50 -> 0 | AB12: =X12*20 -> 0
A14: 5 | G14: =C14*50 -> 0 | H14: 5 | N14: =J14*50 -> 0 | O14: 5 | U14: =Q14*50 -> 0 | AB14: =X14*20 -> 0
A16: 6 | G16: =C16*50 -> 0 | H16: 6 | N16: =J16*50 -> 0 | O16: 6 | U16: =Q16*50 -> 0 | X16: ='[1]Engg Refres'!CD132 -> 0 | AB16: =X16*20 -> 0
A18: 7 | G18: =C18*50 -> 0 | H18: 7 | N18: =J18*50 -> 0
A20: 8 | G20: =C20*50 -> 0 | H20: 8 | N20: =J20*50 -> 0
B22: TOTAL | C22: =SUM(C6:C21) -> 0 | G22: =SUM(G6:G21) -> 0 | I22: TOTAL | J22: =SUM(J6:J21) -> 0 | N22: =SUM(N6:N21) -> 0 | P22: TOTAL | Q22: =SUM(Q6:Q21) -> 0 | U22: =SUM(U6:U21) -> 0 | W22: TOTAL | X22: =SUM(X6:X21) -> 0 | AB22: =SUM(AB6:AB21) -> 0
A24: (Rupees: ) | B24: ELEVEN THOUSAND FIVE HUNDERED AND FIFTY ONLY | H24: (Rupees: ) | I24: FOURTEEN THOUSAND ONE HUNDRED AND FIFTY ONLY | O24: (Rupees: ) | P24: TWELVE THOUSAND AND FIFTY ONLY | V24: (Rupees: )
F26: STAMP | M26: STAMP | T26: STAMP | AA26: STAMP
A28: Station: | H28: Station: | O28: Station: | V28: Station:
A29: Date: | H29: Date: | O29: Date: | V29: Date:
E30: Signature of Caterer | L30: Signature of Caterer | S30: Signature of Caterer | Z30: Signature of Caterer
A31: Certified that the amount claimed in this bill was neither claimed nor drawn or paid through any bills; the refresments | H31: Certified that the amount claimed in this bill was neither claimed nor drawn or paid through any bills; the refresments | O31: Certified that the amount claimed in this bill was neither claimed nor drawn or paid through any bills; the refresments | V31: Certified that the amount claimed in this bill was neither claimed nor drawn or paid through any bills; the refresments
A32: shown on the above dates were actually supplied to the cadets who were physically present on the above dates; the | H32: shown on the above dates were actually supplied to the cadets who were physically present on the above dates; the | O32: shown on the above dates were actually supplied to the cadets who were physically present on the above dates; the | V32: shown on the above dates were actually supplied to the cadets who were physically present on the above dates; the
A33: per cadet per annum prescribed by the Govt vide G.O. Ms. No.39 Youth Welfare & Sports development dept dated | H33: per cadet per annum prescribed by the Govt vide G.O. Ms. No.39 Youth Welfare & Sports development dept dated | O33: per cadet per annum prescribed by the Govt vide G.O. Ms. No.39 Youth Welfare & Sports development dept dated | V33: per cadet per annum prescribed by the Govt vide G.O. Ms. No.39 Youth Welfare & Sports development dept dated
A34: 26 Nov 2001has not been exceeded in this claim; the refreshments show in this bill has been actually received in fresh | H34: 26 Nov 2001has not been exceeded in this claim; the refreshments show in this bill has been actually received in fresh | O34: 26 Nov 2001has not been exceeded in this claim; the refreshments show in this bill has been actually received in fresh | V34: 26 Nov 2001has not been exceeded in this claim; the refreshments show in this bill has been actually received in fresh
A35: and good hygienic condition and issued to the cadets on credit basis and were satisfactory to all concerned with the | H35: and good hygienic condition and issued to the cadets on credit basis and were satisfactory to all concerned with the | O35: and good hygienic condition and issued to the cadets on credit basis and were satisfactory to all concerned with the | V35: and good hygienic condition and issued to the cadets on credit basis and were satisfactory to all concerned with the
A36: quantity, quality and pricechanged. | H36: quantity, quality and pricechanged. | O36: quantity, quality and pricechanged. | V36: quantity, quality and pricechanged.
A38: Station: | H38: Station: | O38: Station: | V38: Station:
A39: Date: | E39: (Signature of ANO with seal) | H39: Date: | L39: (Signature of ANO with seal) | O39: Date: | S39: (Signature of ANO with seal) | V39: Date: | Z39: (Signature of ANO with seal)
C41: Countersigned | J41: Countersigned | Q41: Countersigned | X41: Countersigned
C42: (Sgnature of Head Of Institution with Seal) | J42: (Sgnature of Head Of Institution with Seal) | Q42: (Sgnature of Head Of Institution with Seal) | X42: (Sgnature of Head Of Institution with Seal)
D45: (FOR OFFICE USE ONLY) | K45: (FOR OFFICE USE ONLY) | R45: (FOR OFFICE USE ONLY)
A46: Accepted and passed for payment of Rs _______________ (Rupees __________________________________________ | H46: Accepted and passed for payment of Rs _______________ (Rupees __________________________________________ | O46: Accepted and passed for payment of Rs _______________ (Rupees __________________________________________
A47: _____________________________________________________________ ) Admitted and included in this consolidated | H47: _____________________________________________________________ ) Admitted and included in this consolidated | O47: _____________________________________________________________ ) Admitted and included in this consolidated
A48: bill for Rs. _________________ . | H48: bill for Rs. _________________ . | O48: bill for Rs. _________________ .
A53: 4 (TN) Comp Tech Coy NCC,Annamalainagar | H53: 4 (TN) Comp Tech Coy NCC,Annamalainagar | O53: 4 (TN) Comp Tech Coy NCC,Annamalainagar
A54: BILL FOR SUPPLY OF REFERESHMENTS TO THE NCC SD CADETS | H54: BILL FOR SUPPLY OF REFERESHMENTS TO THE NCC SD CADETS | O54: BILL FOR SUPPLY OF REFERESHMENTS TO THE NCC SD CADETS
A55: OF FEAT (Engg) | B55: FEAT | C55: (SIGNAL) | D55: FOR THE MONTH OF : DECEMBER 2022 | H55: OF FEAT (Engg) | I55: FEAT | J55: (SIGNAL) | K55: FOR THE MONTH OF : JANUARY 2023 | O55: OF FEAT (Engg) | P55: FEAT | Q55: (SIGNAL) | R55: FOR THE MONTH OF : FEBRUARY 2023
A57: SL. No. | B57: DATE ON WHICH REFRESHMENTS SUPPLIED | C57: NO OF CADETS SERVED | D57: ITEM OF REFRESHMENTS SUPPLIED | E57: QUANTITY | F57: RATE PER ITEM | G57: AMOUNT | H57: SL. No. | I57: DATE ON WHICH REFRESHMENTS SUPPLIED | J57: NO OF CADETS SERVED | K57: ITEM OF REFRESHMENTS SUPPLIED | L57: QUANTITY | M57: RATE PER ITEM | N57: AMOUNT | O57: SL. No. | P57: DATE ON WHICH REFRESHMENTS SUPPLIED | Q57: NO OF CADETS SERVED | R57: ITEM OF REFRESHMENTS SUPPLIED | S57: QUANTITY | T57: RATE PER ITEM | U57: AMOUNT
A58: 1 | B58: 20/12/22 | C58: 22 | D58: CHAPPATHI | E58: 2 | F58: 15 | G58: =C58*50 -> 1100 | H58: 1 | I58: 45017 | J58: 22 | K58: IDLY | L58: 6 | M58: 7.5 | N58: =J58*50 -> 1100 | O58: 1 | P58: 45018 | Q58: 21 | R58: CHAPPATHI | S58: 3 | T58: 15 | U58: =Q58*50 -> 1050
D59: EGG | E59: 2 | F59: 10 | K59: VADAI | L59: 1 | M59: 5 | R59: BANANA | S59: 1 | T59: 5
A60: 2 | B60: 21/12/22 | C60: 21 | D60: IDALY | E60: 6 | F60: 7.5 | G60: =C60*50 -> 1050 | H60: 2 | I60: 45047 | J60: 21 | K60: DOSA | L60: 2 | M60: 15 | N60: =J60*50 -> 1050 | O60: 2 | P60: 45079 | Q60: 22 | R60: POORI | S60: 2 | T60: 20 | U60: =Q60*50 -> 1100
D61: VADAI | E61: 1 | F61: 5 | K61: EGG | L61: 2 | M61: 10 | R61: EGG | S61: 1 | T61: 10
A62: 3 | B62: 22/12/22 | C62: 22 | D62: POORI | E62: 2 | F62: 20 | G62: =C62*50 -> 1100 | H62: 3 | I62: 18/1/23 | J62: 22 | K62: VARIETYRICE | L62: 1 | M62: 40 | N62: =J62*50 -> 1100 | O62: 3 | P62: 45109 | Q62: 22 | R62: VARIETYRICE | S62: 1 | T62: 40 | U62: =Q62*50 -> 1100
D63: EGG | E63: 1 | F63: 10 | K63: BANANA | L63: 2 | M63: 5 | R63: BANANA | S63: 2 | T63: 5
A64: 4 | B64: 23/12/22 | C64: 22 | D64: CHAPPATHI | E64: 3 | F64: 15 | G64: =C64*50 -> 1100 | H64: 4 | I64: 19/1/23 | J64: 21 | K64: CHAPPATHI | L64: 2 | M64: 15 | N64: =J64*50 -> 1050 | O64: 4 | P64: 45140 | Q64: 22 | R64: IDLY | S64: 6 | T64: 7.5 | U64: =Q64*50 -> 1100
D65: BANANA | E65: 1 | F65: 5 | K65: EGG | L65: 2 | M65: 10 | R65: VADAI | S65: 1 | T65: 5
A66: 5 | B66: 26/12/22 | C66: 22 | D66: VARIETYRICE | E66: 1 | F66: 40 | G66: =C66*50 -> 1100 | H66: 5 | I66: 20/1/23 | J66: 21 | K66: POORI | L66: 2 | M66: 20 | N66: =J66*50 -> 1050 | O66: 5 | P66: 45171 | Q66: 22 | R66: CHAPPATHI | S66: 2 | T66: 15 | U66: =Q66*50 -> 1100
D67: EGG | E67: 1 | F67: 10 | K67: BANANA | L67: 1 | M67: 10 | R67: EGG | S67: 2 | T67: 10
A68: 6 | B68: 27/12/22 | C68: 21 | D68: DOSA | E68: 3 | F68: 15 | G68: =C68*50 -> 1050 | H68: 6 | I68: 21/1/23 | J68: 22 | K68: IDLY | L68: 6 | M68: 7.5 | N68: =J68*50 -> 1100 | O68: 6 | P68: 45201 | Q68: 22 | R68: DOSA | S68: 3 | T68: 15 | U68: =Q68*50 -> 1100
D69: VADAI | E69: 1 | F69: 5 | K69: BANANA | L69: 2 | M69: 5 | R69: VADAI | S69: 1 | T69: 5
A70: 7 | B70: 28/12/22 | C70: 22 | D70: POORI | E70: 2 | F70: 20 | G70: =C70*50 -> 1100 | H70: 7 | I70: 23/1/23 | J70: 22 | K70: VARIETYRICE | L70: 1 | M70: 40 | N70: =J70*50 -> 1100 | O70: 7 | P70: 13/2/23 | Q70: 22 | R70: POORI | S70: 2 | T70: 20 | U70: =Q70*50 -> 1100
D71: EGG | E71: 1 | F71: 10 | K71: EGG | L71: 1 | M71: 10 | R71: BANANA | S71: 2 | T71: 5
H72: 8 | I72: 24/1/23 | J72: 21 | K72: POORI | L72: 2 | M72: 20 | N72: =J72*50 -> 1050 | O72: 8 | P72: 14/2/23 | Q72: 22 | R72: IDLY | S72: 6 | T72: 7.5 | U72: =Q72*50 -> 1100
K73: EGG | L73: 1 | M73: 10 | R73: VADAI | S73: 1 | T73: 5 | W73: Total
B74: TOTAL | C74: =SUM(C58:C73) -> 152 | G74: =SUM(G58:G73) -> 7600 | I74: TOTAL | J74: =SUM(J58:J73) -> 172 | N74: =SUM(N58:N73) -> 8600 | O74: 9 | P74: 15/2/23 | Q74: 22 | R74: VARIETYRICE+BANANA | S74: 1+2 | T74: 40+5 | U74: =Q74*50 -> 1100 | W74: =SUM(C22,J22,Q22,C74,J74,Q74) -> 346 | X74: =SUM(G22,N22,U22,G74,N74,U74) -> 17300
O75: 10 | P75: 16/2/23 | Q75: 22 | R75: DOSA+VADAI | S75: 3+1 | T75: 15+5 | U75: =Q75*50 -> 1100
O76: 11 | P76: 18/2/23 | Q76: 22 | R76: CHAPPATHI+EGG | S76: 2+2 | T76: 15+10 | U76: =Q76*50 -> 1100
O77: 12 | P77: 20/2/23 | Q77: 22 | R77: POORI+BANANA | S77: 2+2 | T77: 20+5 | U77: =Q77*50 -> 1100
L78: =G74+N74+U81 -> 32650 | O78: 13 | P78: 22/2/23 | Q78: 22 | R78: IDLY+VADAI | S78: 6+1 | T78: 7.5+5 | U78: =Q78*50 -> 1100
O79: 14 | P79: 24/2/23 | Q79: 22 | R79: VARIETYRICE+EGG | S79: 1+1 | T79: 40+10 | U79: =Q79*50 -> 1100
O80: 15 | P80: 25/2/23 | Q80: 22 | R80: VARIETYRICE+EGG | S80: 1+1 | T80: 40+10 | U80: =Q80*50 -> 1100
P81: TOTAL | U81: =SUM(U58:U80) -> 16450
W82: =W74*50 -> 17300
A83: (Rupees: ) | B83: SEVEN THOUSAND SIX HUNDRED ONLY | H83: (Rupees: ) | I83: EIGHT THOUSAND SIX HUNDRED ONLY | O83: (Rupees: ) | P83: SIXTEEN THOUSAND FOUR HUNDRED FIFTY ONLY
F85: STAMP | M85: STAMP | T85: STAMP
A87: Station: | H87: Station: | O87: Station:
A88: Date: | H88: Date: | O88: Date:
E89: Signature of Caterer | L89: Signature of Caterer | S89: Signature of Caterer
A90: Certified that the amount claimed in this bill was neither claimed nor drawn or paid through any bills; the refresments | H90: Certified that the amount claimed in this bill was neither claimed nor drawn or paid through any bills; the refresments | O90: Certified that the amount claimed in this bill was neither claimed nor drawn or paid through any bills; the refresments
A91: shown on the above dates were actually supplied to the cadets who were physically present on the above dates; the | H91: shown on the above dates were actually supplied to the cadets who were physically present on the above dates; the | O91: shown on the above dates were actually supplied to the cadets who were physically present on the above dates; the
A92: per cadet per annum prescribed by the Govt vide G.O. Ms. No.39 Youth Welfare & Sports development dept dated | H92: per cadet per annum prescribed by the Govt vide G.O. Ms. No.39 Youth Welfare & Sports development dept dated | O92: per cadet per annum prescribed by the Govt vide G.O. Ms. No.39 Youth Welfare & Sports development dept dated
A93: 26 Nov 2001has not been exceeded in this claim; the refreshments show in this bill has been actually received in fresh | H93: 26 Nov 2001has not been exceeded in this claim; the refreshments show in this bill has been actually received in fresh | O93: 26 Nov 2001has not been exceeded in this claim; the refreshments show in this bill has been actually received in fresh
A94: and good hygienic condition and issued to the cadets on credit basis and were satisfactory to all concerned with the | H94: and good hygienic condition and issued to the cadets on credit basis and were satisfactory to all concerned with the | O94: and good hygienic condition and issued to the cadets on credit basis and were satisfactory to all concerned with the
A95: quantity, quality and pricechanged. | H95: quantity, quality and pricechanged. | O95: quantity, quality and pricechanged.
A97: Station: | H97: Station: | O97: Station:
A98: Date: | E98: (Signature of ANO with seal) | H98: Date: | L98: (Signature of ANO with seal) | O98: Date: | S98: (Signature of ANO with seal)
C100: Countersigned | J100: Countersigned | Q100: Countersigned
C101: (Sgnature of Head Of Institution with Seal) | J101: (Sgnature of Head Of Institution with Seal) | Q101: (Sgnature of Head Of Institution with Seal)
D104: (FOR OFFICE USE ONLY) | K104: (FOR OFFICE USE ONLY) | R104: (FOR OFFICE USE ONLY)
A105: Accepted and passed for payment of Rs _______________ (Rupees __________________________________________ | H105: Accepted and passed for payment of Rs _______________ (Rupees __________________________________________ | O105: Accepted and passed for payment of Rs _______________ (Rupees __________________________________________
A106: _____________________________________________________________ ) Admitted and included in this consolidated | H106: _____________________________________________________________ ) Admitted and included in this consolidated | O106: _____________________________________________________________ ) Admitted and included in this consolidated
A107: bill for Rs. _________________ . | H107: bill for Rs. _________________ . | O107: bill for Rs. _________________ .

Sheet SIGNAL Bill
A1: 4 (TN) Comp Tech Coy NCC,Annamalainagar | H1: 4 (TN) Comp Tech Coy NCC,Annamalainagar | O1: 4 (TN) Comp Tech Coy NCC,Annamalainagar | V1: 4 (TN) Comp Tech Coy NCC,Annamalainagar
A2: BILL FOR SUPPLY OF REFERESHMENTS TO THE NCC SD/SW CADETS | H2: BILL FOR SUPPLY OF REFERESHMENTS TO THE NCC SD/SW CADETS | O2: BILL FOR SUPPLY OF REFERESHMENTS TO THE NCC SD/SW CADETS | V2: BILL FOR SUPPLY OF REFERESHMENTS TO THE NCC SD/SW CADETS
A3: OF FEAT (EME) | D3: FOR THE MONTH OF : JULY 2024 | H3: OF FEAT (EME) | K3: FOR THE MONTH OF : AUGUST 2023 | O3: OF FEAT (EME) | R3: FOR THE MONTH OF : SEPTEMBER 2023 | V3: OF FEAT (EME) | Y3: FOR THE MONTH OF : OCTOBER 2023
A5: SL. No. | B5: DATE ON WHICH REFRESHMENTS SUPPLIED | C5: NO OF CADETS SERVED | D5: ITEM OF REFRESHMENTS SUPPLIED | E5: QUANTITY | F5: RATE PER ITEM | G5: AMOUNT | H5: SL. No. | I5: DATE ON WHICH REFRESHMENTS SUPPLIED | J5: NO OF CADETS SERVED | K5: ITEM OF REFRESHMENTS SUPPLIED | L5: QUANTITY | M5: RATE PER ITEM | N5: AMOUNT | O5: SL. No. | P5: DATE ON WHICH REFRESHMENTS SUPPLIED | Q5: NO OF CADETS SERVED | R5: ITEM OF REFRESHMENTS SUPPLIED | S5: QUANTITY | T5: RATE PER ITEM | U5: AMOUNT | V5: SL. No. | W5: DATE ON WHICH REFRESHMENTS SUPPLIED | X5: NO OF CADETS SERVED | Y5: ITEM OF REFRESHMENTS SUPPLIED | Z5: QUANTITY | AA5: RATE PER ITEM | AB5: AMOUNT
A6: 1 | B6: 08\07\2024 | C6: 35 | D6: Tomoto rice | E6: 1 | F6: 42 | G6: =C6*50 -> 1750 | H6: 1 | I6: 01\08\2023 | J6: =('SIGNAL Refresh'!Y34+'SIGNAL Refresh'!Y76) -> 31 | K6: Chappathi | L6: 3 | M6: 45 | N6: =J6*50 -> 1550 | O6: 1 | P6: 12\09\2023 | Q6: =('SIGNAL Refresh'!AW34+'SIGNAL Refresh'!AW76) -> 28 | R6: Kichadi | S6: 1 | T6: 38 | U6: =Q6*50 -> 1400 | V6: 1 | W6: 3\10\2023 | X6: =('SIGNAL Refresh'!BU34+'SIGNAL Refresh'!BU76) -> 30 | Y6: Tomato Rice | Z6: 1 | AA6: 42 | AB6: =X6*50 -> 1500
D7: vadai | E7: 1 | F7: 8 | K7: Banana | L7: 1 | M7: 5 | R7: Omlet | S7: 1 | T7: 12 | Y7: Vadai | Z7: 1 | AA7: 8
A8: 2 | B8: 09\07\2024 | C8: 31 | D8: Idly | E8: 6 | F8: 7 | G8: =C8*50 -> 1550 | H8: 2 | I8: 02\08\2023 | J8: =('SIGNAL Refresh'!Z34+'SIGNAL Refresh'!Z76) -> 32 | K8: Dosai | L8: 3 | M8: 15 | N8: =J8*50 -> 1600 | O8: 2 | P8: 13\09\2023 | Q8: =('SIGNAL Refresh'!AX34+'SIGNAL Refresh'!AX76) -> 29 | R8: Chappathi | S8: 3 | T8: 15 | U8: =Q8*50 -> 1450 | V8: 2 | W8: 4\10\2023 | X8: =('SIGNAL Refresh'!BV34+'SIGNAL Refresh'!BV76) -> 31 | Y8: Idly | Z8: 6 | AA8: 7 | AB8: =X8*50 -> 1550
D9: Egg | E9: 1 | F9: 8 | K9: Banana | L9: 1 | M9: 5 | R9: Banana | S9: 1 | T9: 5 | Y9: Egg | Z9: 1 | AA9: 8
A10: 3 | B10: 10\07\2024 | C10: 33 | D10: veg rice | E10: 1 | F10: 42 | G10: =C10*50 -> 1650 | H10: 3 | I10: 03\08\2023 | J10: =('SIGNAL Refresh'!AA34+'SIGNAL Refresh'!AA76) -> 30 | K10: Veg Rice | L10: 1 | M10: 42 | N10: =J10*50 -> 1500 | O10: 3 | P10: 14\09\2023 | Q10: =('SIGNAL Refresh'!AY34+'SIGNAL Refresh'!AY76) -> 28 | R10: Dosai | S10: 3 | T10: 15 | U10: =Q10*50 -> 1400 | V10: 3 | W10: 10\10\2023 | X10: =('SIGNAL Refresh'!BW34+'SIGNAL Refresh'!BW76) -> 31 | Y10: veg Rice | Z10: 1 | AA10: 42 | AB10: =X10*50 -> 1550
D11: egg | E11: 1 | F11: 8 | K11: Egg | L11: 1 | M11: 8 | R11: Banana | S11: 1 | T11: 5 | Y11: Egg | Z11: 1 | AA11: 8
A12: 4 | B12: 11\07\2024 | C12: 30 | D12: dosa | E12: 3 | F12: 15 | G12: =C12*50 -> 1500 | H12: 4 | I12: 09\08\2023 | J12: =('SIGNAL Refresh'!AB34+'SIGNAL Refresh'!AB76) -> 30 | K12: Chappathi | L12: 3 | M12: 15 | N12: =J12*50 -> 1500 | O12: 4 | P12: 20\09\2023 | Q12: =('SIGNAL Refresh'!AZ34+'SIGNAL Refresh'!AZ76) -> 30 | R12: Variety rice | S12: 1 | T12: 42 | U12: =Q12*50 -> 1500 | V12: 4 | W12: 11\10\2023 | X12: =('SIGNAL Refresh'!BX34+'SIGNAL Refresh'!BX76) -> 28 | Y12: Dosai | Z12: 3 | AA12: 15 | AB12: =X12*50 -> 1400
D13: Banana | E13: 1 | F13: 5 | K13: Banana | L13: 1 | M13: 5 | R13: Egg | S13: 1 | T13: 8 | Y13: Banana | Z13: 1 | AA13: 5
H14: 5 | I14: 10\08\2023 | J14: =('SIGNAL Refresh'!AC34+'SIGNAL Refresh'!AC76) -> 30 | K14: Poori | L14: 3 | M14: 15 | N14: =J14*50 -> 1500 | O14: 5 | P14: 21\09\2023 | Q14: =('SIGNAL Refresh'!BA34+'SIGNAL Refresh'!BA76) -> 28 | R14: Dosai | S14: 3 | T14: 15 | U14: =Q14*50 -> 1400
K15: Banana | L15: 1 | M15: 5 | R15: Banana | S15: 1 | T15: 5
H16: 6 | I16: 11\08\2023 | J16: =('SIGNAL Refresh'!AD34+'SIGNAL Refresh'!AD76) -> 30 | K16: Idly | L16: 6 | M16: 7 | N16: =J16*50 -> 1500 | O16: 6 | P16: 22\09\2023 | Q16: =('SIGNAL Refresh'!BB34+'SIGNAL Refresh'!BB76) -> 29 | R16: Idly | S16: 6 | T16: 7 | U16: =Q16*50 -> 1450
K17: Vadai | L17: 1 | M17: 8 | R17: Vadai | S17: 1 | T17: 8
H18: 7 | I18: 14\08\2023 | J18: =('SIGNAL Refresh'!AE34+'SIGNAL Refresh'!AE76) -> 30 | K18: Dosai | L18: 3 | M18: 15 | N18: =J18*50 -> 1500 | O18: 7 | P18: 25\09\2023 | Q18: =('SIGNAL Refresh'!BC34+'SIGNAL Refresh'!BC76) -> 29 | R18: Variety rice | S18: 1 | T18: 42 | U18: =Q18*50 -> 1450
K19: Banana | L19: 1 | M19: 5 | R19: Egg | S19: 1 | T19: 8
H20: 8 | I20: 15\08\2023 | J20: =('SIGNAL Refresh'!AF34+'SIGNAL Refresh'!AF76) -> 30 | K20: Kichadi | L20: 1 | M20: 38 | N20: =J20*50 -> 1500 | O20: 8 | P20: 26\09\2023 | Q20: =('SIGNAL Refresh'!BD34+'SIGNAL Refresh'!BD76) -> 29 | R20: Chappathi | S20: 3 | T20: 15 | U20: =Q20*50 -> 1450
K21: Omlet | L21: 1 | M21: 12 | R21: Banana | S21: 1 | T21: 5
B22: TOTAL | C22: =SUM(C6:C21) -> 129 | G22: =SUM(G6:G21) -> 6450 | I22: TOTAL | J22: =SUM(J6:J21) -> 243 | N22: =SUM(N6:N21) -> 12150 | P22: TOTAL | Q22: =SUM(Q6:Q21) -> 230 | U22: =SUM(U6:U21) -> 11500 | W22: TOTAL | X22: =SUM(X6:X21) -> 120 | AB22: =SUM(AB6:AB21) -> 6000
A24: (Rupees: ) | B24: SIX THOUSAND TWO HUNDRED FIFTY ONLY. | H24: (Rupees: ) | I24: TWELVE THOUSAND 0NE HUNDRED FIFTY ONLY | O24: (Rupees: ) | P24: ELEVEN THOUSAND FIVE HUNDRED ONLY | V24: (Rupees: ) | W24: SIX THOUSAND ONLY
F26: STAMP | M26: STAMP | T26: STAMP | AA26: STAMP
A28: Station:Annamalai Nagar | H28: Station: | I28: Annamalai Nagar | O28: Station: | P28: Annamalai Nagar | V28: Station:Annamalai Nagar
A29: Date: | H29: Date: | O29: Date: | V29: Date:
E30: Signature of Caterer | L30: Signature of Caterer | S30: Signature of Caterer | Z30: Signature of Caterer
A31: Certified that the amount claimed in this bill was neither claimed nor drawn or paid through any bills; the refresments | H31: Certified that the amount claimed in this bill was neither claimed nor drawn or paid through any bills; the refresments | O31: Certified that the amount claimed in this bill was neither claimed nor drawn or paid through any bills; the refresments | V31: Certified that the amount claimed in this bill was neither claimed nor drawn or paid through any bills; the refresments
A32: shown on the above dates were actually supplied to the cadets who were physically present on the above dates; the | H32: shown on the above dates were actually supplied to the cadets who were physically present on the above dates; the | O32: shown on the above dates were actually supplied to the cadets who were physically present on the above dates; the | V32: shown on the above dates were actually supplied to the cadets who were physically present on the above dates; the
A33: per cadet per annum prescribed by the Govt vide G.O. Ms. No.39 Youth Welfare & Sports development dept dated | H33: per cadet per annum prescribed by the Govt vide G.O. Ms. No.39 Youth Welfare & Sports development dept dated | O33: per cadet per annum prescribed by the Govt vide G.O. Ms. No.39 Youth Welfare & Sports development dept dated | V33: per cadet per annum prescribed by the Govt vide G.O. Ms. No.39 Youth Welfare & Sports development dept dated
A34: 26 Nov 2001has not been exceeded in this claim; the refreshments show in this bill has been actually received in fresh | H34: 26 Nov 2001has not been exceeded in this claim; the refreshments show in this bill has been actually received in fresh | O34: 26 Nov 2001has not been exceeded in this claim; the refreshments show in this bill has been actually received in fresh | V34: 26 Nov 2001has not been exceeded in this claim; the refreshments show in this bill has been actually received in fresh
A35: and good hygienic condition and issued to the cadets on credit basis and were satisfactory to all concerned with the | H35: and good hygienic condition and issued to the cadets on credit basis and were satisfactory to all concerned with the | O35: and good hygienic condition and issued to the cadets on credit basis and were satisfactory to all concerned with the | V35: and good hygienic condition and issued to the cadets on credit basis and were satisfactory to all concerned with the
A36: quantity, quality and pricechanged. | H36: quantity, quality and pricechanged. | O36: quantity, quality and pricechanged. | V36: quantity, quality and pricechanged.
A38: Station: | H38: Station: | O38: Station: | V38: Station:
A39: Date: | E39: (Signature of ANO with seal) | H39: Date: | L39: (Signature of ANO with seal) | O39: Date: | S39: (Signature of ANO with seal) | V39: Date: | Z39: (Signature of ANO with seal)
C41: Countersigned | J41: Countersigned | Q41: Countersigned | X41: Countersigned
C42: (Sgnature of Head Of Institution with Seal) | J42: (Sgnature of Head Of Institution with Seal) | Q42: (Sgnature of Head Of Institution with Seal) | X42: (Sgnature of Head Of Institution with Seal)
D44: (FOR OFFICE USE ONLY) | K44: (FOR OFFICE USE ONLY) | R44: (FOR OFFICE USE ONLY) | Y44: (FOR OFFICE USE ONLY)
A45: Accepted and passed for payment of Rs _______________ (Rupees __________________________________________ | H45: Accepted and passed for payment of Rs _______________ (Rupees __________________________________________ | O45: Accepted and passed for payment of Rs _______________ (Rupees __________________________________________ | V45: Accepted and passed for payment of Rs _______________ (Rupees __________________________________________
A46: _____________________________________________________________ ) Admitted and included in this consolidated | H46: _____________________________________________________________ ) Admitted and included in this consolidated | O46: _____________________________________________________________ ) Admitted and included in this consolidated | V46: _____________________________________________________________ ) Admitted and included in this consolidated
A47: bill for Rs. _________________ . | H47: bill for Rs. _________________ . | O47: bill for Rs. _________________ . | V47: bill for Rs. _________________ .
A49: 4 (TN) Comp Tech Coy NCC,Annamalainagar | H49: 4 (TN) Comp Tech Coy NCC,Annamalainagar | O49: 4 (TN) Comp Tech Coy NCC,Annamalainagar
A50: BILL FOR SUPPLY OF REFERESHMENTS TO THE NCC SD CADETS | H50: BILL FOR SUPPLY OF REFERESHMENTS TO THE NCC SD CADETS | O50: BILL FOR SUPPLY OF REFERESHMENTS TO THE NCC SD CADETS
A51: OF FEAT (Signal) | D51: FOR THE MONTH OF : DECEMBER 2022 | H51: OF FEAT (Signal) | K51: FOR THE MONTH OF : JANUARY 2023 | O51: OF FEAT (Signal) | R51: FOR THE MONTH OF : FEBRUARY 2023
A53: SL. No. | B53: DATE ON WHICH REFRESHMENTS SUPPLIED | C53: NO OF CADETS SERVED | D53: ITEM OF REFRESHMENTS SUPPLIED | E53: QUANTITY | F53: RATE PER ITEM | G53: AMOUNT | H53: SL. No. | I53: DATE ON WHICH REFRESHMENTS SUPPLIED | J53: NO OF CADETS SERVED | K53: ITEM OF REFRESHMENTS SUPPLIED | L53: QUANTITY | M53: RATE PER ITEM | N53: AMOUNT | O53: SL. No. | P53: DATE ON WHICH REFRESHMENTS SUPPLIED | Q53: NO OF CADETS SERVED | R53: ITEM OF REFRESHMENTS SUPPLIED | S53: QUANTITY | T53: RATE PER ITEM | U53: AMOUNT
A54: 1 | G54: =C54*50 -> 0 | H54: 1 | N54: =J54*50 -> 0 | O54: 1 | U54: =Q54*50 -> 0
A56: 2 | G56: =C56*50 -> 0 | H56: 2 | N56: =J56*50 -> 0 | O56: 2 | U56: =Q56*50 -> 0
A58: 3 | G58: =C58*50 -> 0 | H58: 3 | N58: =J58*50 -> 0 | O58: 3 | U58: =Q58*50 -> 0
A60: 4 | G60: =C60*50 -> 0 | H60: 4 | N60: =J60*50 -> 0 | O60: 4 | U60: =Q60*50 -> 0
A62: 5 | G62: =C62*50 -> 0 | H62: 5 | N62: =J62*50 -> 0
H64: 6 | N64: =J64*50 -> 0
W69: Total
B70: TOTAL | C70: =SUM(C54:C69) -> 0 | G70: =SUM(G54:G69) -> 0 | I70: TOTAL | J70: =SUM(J54:J69) -> 0 | N70: =SUM(N54:N69) -> 0 | P70: TOTAL | Q70: =SUM(Q54:Q69) -> 0 | U70: =SUM(U54:U69) -> 0 | W70: =SUM(C22,J22,Q22,C70,J70,Q70) -> 602 | X70: =SUM(G22,N22,U22,G70,N70,U70) -> 30100
W71: =W70*50 -> 30100
A72: (Rupees: ) | B72: TEN THOUSAND ONE HUNDRED FIFTY ONLY | H72: (Rupees: ) | I72: ELEVEN THOUSAND NINE FIFTY ONLY | O72: (Rupees: ) | P72: SEVEN THOUSAND NINE HUNDRED ONLY
F74: STAMP | M74: STAMP | T74: STAMP
A76: Station: | H76: Station: | O76: Station:
A77: Date: | H77: Date: | O77: Date:
E78: Signature of Caterer | L78: Signature of Caterer | S78: Signature of Caterer
A79: Certified that the amount claimed in this bill was neither claimed nor drawn or paid through any bills; the refresments | H79: Certified that the amount claimed in this bill was neither claimed nor drawn or paid through any bills; the refresments | O79: Certified that the amount claimed in this bill was neither claimed nor drawn or paid through any bills; the refresments
A80: shown on the above dates were actually supplied to the cadets who were physically present on the above dates; the | H80: shown on the above dates were actually supplied to the cadets who were physically present on the above dates; the | O80: shown on the above dates were actually supplied to the cadets who were physically present on the above dates; the
A81: per cadet per annum prescribed by the Govt vide G.O. Ms. No.39 Youth Welfare & Sports development dept dated | H81: per cadet per annum prescribed by the Govt vide G.O. Ms. No.39 Youth Welfare & Sports development dept dated | O81: per cadet per annum prescribed by the Govt vide G.O. Ms. No.39 Youth Welfare & Sports development dept dated
A82: 26 Nov 2001has not been exceeded in this claim; the refreshments show in this bill has been actually received in fresh | H82: 26 Nov 2001has not been exceeded in this claim; the refreshments show in this bill has been actually received in fresh | O82: 26 Nov 2001has not been exceeded in this claim; the refreshments show in this bill has been actually received in fresh
A83: and good hygienic condition and issued to the cadets on credit basis and were satisfactory to all concerned with the | H83: and good hygienic condition and issued to the cadets on credit basis and were satisfactory to all concerned with the | O83: and good hygienic condition and issued to the cadets on credit basis and were satisfactory to all concerned with the
A84: quantity, quality and pricechanged. | H84: quantity, quality and pricechanged. | O84: quantity, quality and pricechanged.
A85: Station: | H85: Station: | O85: Station:
A86: Date: | E86: (Signature of ANO with seal) | H86: Date: | L86: (Signature of ANO with seal) | O86: Date: | S86: (Signature of ANO with seal)
C88: Countersigned | J88: Countersigned | Q88: Countersigned
C89: (Sgnature of Head Of Institution with Seal) | J89: (Sgnature of Head Of Institution with Seal) | Q89: (Sgnature of Head Of Institution with Seal)
D91: (FOR OFFICE USE ONLY) | K91: (FOR OFFICE USE ONLY) | R91: (FOR OFFICE USE ONLY)
A92: Accepted and passed for payment of Rs _______________ (Rupees __________________________________________ | H92: Accepted and passed for payment of Rs _______________ (Rupees __________________________________________ | O92: Accepted and passed for payment of Rs _______________ (Rupees __________________________________________
A93: _____________________________________________________________ ) Admitted and included in this consolidated | H93: _____________________________________________________________ ) Admitted and included in this consolidated | O93: _____________________________________________________________ ) Admitted and included in this consolidated
A94: bill for Rs. _________________ . | H94: bill for Rs. _________________ . | O94: bill for Rs. _________________ .
